caso,categoria,posicoes_modificadas,pacote_hex,status_esperado
0,VALIDO_INICIAL,PING seq=0,A5 01 00 7F 04 11 22 33 44 26,0
1,1_BIT,"(1, 0)",A5 00 01 7F 04 11 22 33 44 F9,1
2,1_BIT,"(1, 1)",A5 03 01 7F 04 11 22 33 44 F9,1
3,1_BIT,"(1, 2)",A5 05 01 7F 04 11 22 33 44 F9,1
4,1_BIT,"(1, 3)",A5 09 01 7F 04 11 22 33 44 F9,1
5,1_BIT,"(1, 4)",A5 11 01 7F 04 11 22 33 44 F9,1
6,1_BIT,"(1, 5)",A5 21 01 7F 04 11 22 33 44 F9,1
7,1_BIT,"(1, 6)",A5 41 01 7F 04 11 22 33 44 F9,1
8,1_BIT,"(1, 7)",A5 81 01 7F 04 11 22 33 44 F9,1
9,1_BIT,"(2, 0)",A5 01 00 7F 04 11 22 33 44 F9,1
10,1_BIT,"(2, 1)",A5 01 03 7F 04 11 22 33 44 F9,1
11,1_BIT,"(2, 2)",A5 01 05 7F 04 11 22 33 44 F9,1
12,1_BIT,"(2, 3)",A5 01 09 7F 04 11 22 33 44 F9,1
13,1_BIT,"(2, 4)",A5 01 11 7F 04 11 22 33 44 F9,1
14,1_BIT,"(2, 5)",A5 01 21 7F 04 11 22 33 44 F9,1
15,1_BIT,"(2, 6)",A5 01 41 7F 04 11 22 33 44 F9,1
16,1_BIT,"(2, 7)",A5 01 81 7F 04 11 22 33 44 F9,1
17,1_BIT,"(3, 0)",A5 01 01 7E 04 11 22 33 44 F9,1
18,1_BIT,"(3, 1)",A5 01 01 7D 04 11 22 33 44 F9,1
19,1_BIT,"(3, 2)",A5 01 01 7B 04 11 22 33 44 F9,1
20,1_BIT,"(3, 3)",A5 01 01 77 04 11 22 33 44 F9,1
21,1_BIT,"(3, 4)",A5 01 01 6F 04 11 22 33 44 F9,1
22,1_BIT,"(3, 5)",A5 01 01 5F 04 11 22 33 44 F9,1
23,1_BIT,"(3, 6)",A5 01 01 3F 04 11 22 33 44 F9,1
24,1_BIT,"(3, 7)",A5 01 01 FF 04 11 22 33 44 F9,1
25,1_BIT,"(4, 0)",A5 01 01 7F 05 11 22 33 44 F9,1
26,1_BIT,"(4, 1)",A5 01 01 7F 06 11 22 33 44 F9,1
27,1_BIT,"(4, 2)",A5 01 01 7F 00 11 22 33 44 F9,1
28,1_BIT,"(4, 3)",A5 01 01 7F 0C 11 22 33 44 F9,1
29,1_BIT,"(4, 4)",A5 01 01 7F 14 11 22 33 44 F9,1
30,1_BIT,"(4, 5)",A5 01 01 7F 24 11 22 33 44 F9,1
31,1_BIT,"(4, 6)",A5 01 01 7F 44 11 22 33 44 F9,1
32,1_BIT,"(4, 7)",A5 01 01 7F 84 11 22 33 44 F9,1
33,1_BIT,"(5, 0)",A5 01 01 7F 04 10 22 33 44 F9,1
34,1_BIT,"(5, 1)",A5 01 01 7F 04 13 22 33 44 F9,1
35,1_BIT,"(5, 2)",A5 01 01 7F 04 15 22 33 44 F9,1
36,1_BIT,"(5, 3)",A5 01 01 7F 04 19 22 33 44 F9,1
37,1_BIT,"(5, 4)",A5 01 01 7F 04 01 22 33 44 F9,1
38,1_BIT,"(5, 5)",A5 01 01 7F 04 31 22 33 44 F9,1
39,1_BIT,"(5, 6)",A5 01 01 7F 04 51 22 33 44 F9,1
40,1_BIT,"(5, 7)",A5 01 01 7F 04 91 22 33 44 F9,1
41,1_BIT,"(6, 0)",A5 01 01 7F 04 11 23 33 44 F9,1
42,1_BIT,"(6, 1)",A5 01 01 7F 04 11 20 33 44 F9,1
43,1_BIT,"(6, 2)",A5 01 01 7F 04 11 26 33 44 F9,1
44,1_BIT,"(6, 3)",A5 01 01 7F 04 11 2A 33 44 F9,1
45,1_BIT,"(6, 4)",A5 01 01 7F 04 11 32 33 44 F9,1
46,1_BIT,"(6, 5)",A5 01 01 7F 04 11 02 33 44 F9,1
47,1_BIT,"(6, 6)",A5 01 01 7F 04 11 62 33 44 F9,1
48,1_BIT,"(6, 7)",A5 01 01 7F 04 11 A2 33 44 F9,1
49,1_BIT,"(7, 0)",A5 01 01 7F 04 11 22 32 44 F9,1
50,1_BIT,"(7, 1)",A5 01 01 7F 04 11 22 31 44 F9,1
51,1_BIT,"(7, 2)",A5 01 01 7F 04 11 22 37 44 F9,1
52,1_BIT,"(7, 3)",A5 01 01 7F 04 11 22 3B 44 F9,1
53,1_BIT,"(7, 4)",A5 01 01 7F 04 11 22 23 44 F9,1
54,1_BIT,"(7, 5)",A5 01 01 7F 04 11 22 13 44 F9,1
55,1_BIT,"(7, 6)",A5 01 01 7F 04 11 22 73 44 F9,1
56,1_BIT,"(7, 7)",A5 01 01 7F 04 11 22 B3 44 F9,1
57,1_BIT,"(8, 0)",A5 01 01 7F 04 11 22 33 45 F9,1
58,1_BIT,"(8, 1)",A5 01 01 7F 04 11 22 33 46 F9,1
59,1_BIT,"(8, 2)",A5 01 01 7F 04 11 22 33 40 F9,1
60,1_BIT,"(8, 3)",A5 01 01 7F 04 11 22 33 4C F9,1
61,1_BIT,"(8, 4)",A5 01 01 7F 04 11 22 33 54 F9,1
62,1_BIT,"(8, 5)",A5 01 01 7F 04 11 22 33 64 F9,1
63,1_BIT,"(8, 6)",A5 01 01 7F 04 11 22 33 04 F9,1
64,1_BIT,"(8, 7)",A5 01 01 7F 04 11 22 33 C4 F9,1
65,1_BIT,"(9, 0)",A5 01 01 7F 04 11 22 33 44 F8,1
66,1_BIT,"(9, 1)",A5 01 01 7F 04 11 22 33 44 FB,1
67,1_BIT,"(9, 2)",A5 01 01 7F 04 11 22 33 44 FD,1
68,1_BIT,"(9, 3)",A5 01 01 7F 04 11 22 33 44 F1,1
69,1_BIT,"(9, 4)",A5 01 01 7F 04 11 22 33 44 E9,1
70,1_BIT,"(9, 5)",A5 01 01 7F 04 11 22 33 44 D9,1
71,1_BIT,"(9, 6)",A5 01 01 7F 04 11 22 33 44 B9,1
72,1_BIT,"(9, 7)",A5 01 01 7F 04 11 22 33 44 79,1
73,2_BITS,"(1, 0);(1, 1)",A5 02 01 7F 04 11 22 33 44 F9,1
74,2_BITS,"(1, 0);(1, 2)",A5 04 01 7F 04 11 22 33 44 F9,1
75,2_BITS,"(1, 0);(1, 3)",A5 08 01 7F 04 11 22 33 44 F9,1
76,2_BITS,"(1, 0);(1, 4)",A5 10 01 7F 04 11 22 33 44 F9,1
77,2_BITS,"(1, 0);(1, 5)",A5 20 01 7F 04 11 22 33 44 F9,1
78,2_BITS,"(1, 0);(1, 6)",A5 40 01 7F 04 11 22 33 44 F9,1
79,2_BITS,"(1, 0);(1, 7)",A5 80 01 7F 04 11 22 33 44 F9,1
80,2_BITS,"(1, 0);(2, 0)",A5 00 00 7F 04 11 22 33 44 F9,1
81,2_BITS,"(1, 0);(2, 1)",A5 00 03 7F 04 11 22 33 44 F9,1
82,2_BITS,"(1, 0);(2, 2)",A5 00 05 7F 04 11 22 33 44 F9,1
83,2_BITS,"(1, 0);(2, 3)",A5 00 09 7F 04 11 22 33 44 F9,1
84,2_BITS,"(1, 0);(2, 4)",A5 00 11 7F 04 11 22 33 44 F9,1
85,2_BITS,"(1, 0);(2, 5)",A5 00 21 7F 04 11 22 33 44 F9,1
86,2_BITS,"(1, 0);(2, 6)",A5 00 41 7F 04 11 22 33 44 F9,1
87,2_BITS,"(1, 0);(2, 7)",A5 00 81 7F 04 11 22 33 44 F9,1
88,2_BITS,"(1, 0);(3, 0)",A5 00 01 7E 04 11 22 33 44 F9,1
89,2_BITS,"(1, 0);(3, 1)",A5 00 01 7D 04 11 22 33 44 F9,1
90,2_BITS,"(1, 0);(3, 2)",A5 00 01 7B 04 11 22 33 44 F9,1
91,2_BITS,"(1, 0);(3, 3)",A5 00 01 77 04 11 22 33 44 F9,1
92,2_BITS,"(1, 0);(3, 4)",A5 00 01 6F 04 11 22 33 44 F9,1
93,2_BITS,"(1, 0);(3, 5)",A5 00 01 5F 04 11 22 33 44 F9,1
94,2_BITS,"(1, 0);(3, 6)",A5 00 01 3F 04 11 22 33 44 F9,1
95,2_BITS,"(1, 0);(3, 7)",A5 00 01 FF 04 11 22 33 44 F9,1
96,2_BITS,"(1, 0);(4, 0)",A5 00 01 7F 05 11 22 33 44 F9,1
97,2_BITS,"(1, 0);(4, 1)",A5 00 01 7F 06 11 22 33 44 F9,1
98,2_BITS,"(1, 0);(4, 2)",A5 00 01 7F 00 11 22 33 44 F9,1
99,2_BITS,"(1, 0);(4, 3)",A5 00 01 7F 0C 11 22 33 44 F9,1
100,2_BITS,"(1, 0);(4, 4)",A5 00 01 7F 14 11 22 33 44 F9,1
101,2_BITS,"(1, 0);(4, 5)",A5 00 01 7F 24 11 22 33 44 F9,1
102,2_BITS,"(1, 0);(4, 6)",A5 00 01 7F 44 11 22 33 44 F9,1
103,2_BITS,"(1, 0);(4, 7)",A5 00 01 7F 84 11 22 33 44 F9,1
104,2_BITS,"(1, 0);(5, 0)",A5 00 01 7F 04 10 22 33 44 F9,1
105,2_BITS,"(1, 0);(5, 1)",A5 00 01 7F 04 13 22 33 44 F9,1
106,2_BITS,"(1, 0);(5, 2)",A5 00 01 7F 04 15 22 33 44 F9,1
107,2_BITS,"(1, 0);(5, 3)",A5 00 01 7F 04 19 22 33 44 F9,1
108,2_BITS,"(1, 0);(5, 4)",A5 00 01 7F 04 01 22 33 44 F9,1
109,2_BITS,"(1, 0);(5, 5)",A5 00 01 7F 04 31 22 33 44 F9,1
110,2_BITS,"(1, 0);(5, 6)",A5 00 01 7F 04 51 22 33 44 F9,1
111,2_BITS,"(1, 0);(5, 7)",A5 00 01 7F 04 91 22 33 44 F9,1
112,2_BITS,"(1, 0);(6, 0)",A5 00 01 7F 04 11 23 33 44 F9,1
113,2_BITS,"(1, 0);(6, 1)",A5 00 01 7F 04 11 20 33 44 F9,1
114,2_BITS,"(1, 0);(6, 2)",A5 00 01 7F 04 11 26 33 44 F9,1
115,2_BITS,"(1, 0);(6, 3)",A5 00 01 7F 04 11 2A 33 44 F9,1
116,2_BITS,"(1, 0);(6, 4)",A5 00 01 7F 04 11 32 33 44 F9,1
117,2_BITS,"(1, 0);(6, 5)",A5 00 01 7F 04 11 02 33 44 F9,1
118,2_BITS,"(1, 0);(6, 6)",A5 00 01 7F 04 11 62 33 44 F9,1
119,2_BITS,"(1, 0);(6, 7)",A5 00 01 7F 04 11 A2 33 44 F9,1
120,2_BITS,"(1, 0);(7, 0)",A5 00 01 7F 04 11 22 32 44 F9,1
121,2_BITS,"(1, 0);(7, 1)",A5 00 01 7F 04 11 22 31 44 F9,1
122,2_BITS,"(1, 0);(7, 2)",A5 00 01 7F 04 11 22 37 44 F9,1
123,2_BITS,"(1, 0);(7, 3)",A5 00 01 7F 04 11 22 3B 44 F9,1
124,2_BITS,"(1, 0);(7, 4)",A5 00 01 7F 04 11 22 23 44 F9,1
125,2_BITS,"(1, 0);(7, 5)",A5 00 01 7F 04 11 22 13 44 F9,1
126,2_BITS,"(1, 0);(7, 6)",A5 00 01 7F 04 11 22 73 44 F9,1
127,2_BITS,"(1, 0);(7, 7)",A5 00 01 7F 04 11 22 B3 44 F9,1
128,2_BITS,"(1, 0);(8, 0)",A5 00 01 7F 04 11 22 33 45 F9,1
129,2_BITS,"(1, 0);(8, 1)",A5 00 01 7F 04 11 22 33 46 F9,1
130,2_BITS,"(1, 0);(8, 2)",A5 00 01 7F 04 11 22 33 40 F9,1
131,2_BITS,"(1, 0);(8, 3)",A5 00 01 7F 04 11 22 33 4C F9,1
132,2_BITS,"(1, 0);(8, 4)",A5 00 01 7F 04 11 22 33 54 F9,1
133,2_BITS,"(1, 0);(8, 5)",A5 00 01 7F 04 11 22 33 64 F9,1
134,2_BITS,"(1, 0);(8, 6)",A5 00 01 7F 04 11 22 33 04 F9,1
135,2_BITS,"(1, 0);(8, 7)",A5 00 01 7F 04 11 22 33 C4 F9,1
136,2_BITS,"(1, 0);(9, 0)",A5 00 01 7F 04 11 22 33 44 F8,1
137,2_BITS,"(1, 0);(9, 1)",A5 00 01 7F 04 11 22 33 44 FB,1
138,2_BITS,"(1, 0);(9, 2)",A5 00 01 7F 04 11 22 33 44 FD,1
139,2_BITS,"(1, 0);(9, 3)",A5 00 01 7F 04 11 22 33 44 F1,1
140,2_BITS,"(1, 0);(9, 4)",A5 00 01 7F 04 11 22 33 44 E9,1
141,2_BITS,"(1, 0);(9, 5)",A5 00 01 7F 04 11 22 33 44 D9,1
142,2_BITS,"(1, 0);(9, 6)",A5 00 01 7F 04 11 22 33 44 B9,1
143,2_BITS,"(1, 0);(9, 7)",A5 00 01 7F 04 11 22 33 44 79,1
144,2_BITS,"(1, 1);(1, 2)",A5 07 01 7F 04 11 22 33 44 F9,1
145,2_BITS,"(1, 1);(1, 3)",A5 0B 01 7F 04 11 22 33 44 F9,1
146,2_BITS,"(1, 1);(1, 4)",A5 13 01 7F 04 11 22 33 44 F9,1
147,2_BITS,"(1, 1);(1, 5)",A5 23 01 7F 04 11 22 33 44 F9,1
148,2_BITS,"(1, 1);(1, 6)",A5 43 01 7F 04 11 22 33 44 F9,1
149,2_BITS,"(1, 1);(1, 7)",A5 83 01 7F 04 11 22 33 44 F9,1
150,2_BITS,"(1, 1);(2, 0)",A5 03 00 7F 04 11 22 33 44 F9,1
151,2_BITS,"(1, 1);(2, 1)",A5 03 03 7F 04 11 22 33 44 F9,1
152,2_BITS,"(1, 1);(2, 2)",A5 03 05 7F 04 11 22 33 44 F9,1
153,2_BITS,"(1, 1);(2, 3)",A5 03 09 7F 04 11 22 33 44 F9,1
154,2_BITS,"(1, 1);(2, 4)",A5 03 11 7F 04 11 22 33 44 F9,1
155,2_BITS,"(1, 1);(2, 5)",A5 03 21 7F 04 11 22 33 44 F9,1
156,2_BITS,"(1, 1);(2, 6)",A5 03 41 7F 04 11 22 33 44 F9,1
157,2_BITS,"(1, 1);(2, 7)",A5 03 81 7F 04 11 22 33 44 F9,1
158,2_BITS,"(1, 1);(3, 0)",A5 03 01 7E 04 11 22 33 44 F9,1
159,2_BITS,"(1, 1);(3, 1)",A5 03 01 7D 04 11 22 33 44 F9,1
160,2_BITS,"(1, 1);(3, 2)",A5 03 01 7B 04 11 22 33 44 F9,1
161,2_BITS,"(1, 1);(3, 3)",A5 03 01 77 04 11 22 33 44 F9,1
162,2_BITS,"(1, 1);(3, 4)",A5 03 01 6F 04 11 22 33 44 F9,1
163,2_BITS,"(1, 1);(3, 5)",A5 03 01 5F 04 11 22 33 44 F9,1
164,2_BITS,"(1, 1);(3, 6)",A5 03 01 3F 04 11 22 33 44 F9,1
165,2_BITS,"(1, 1);(3, 7)",A5 03 01 FF 04 11 22 33 44 F9,1
166,2_BITS,"(1, 1);(4, 0)",A5 03 01 7F 05 11 22 33 44 F9,1
167,2_BITS,"(1, 1);(4, 1)",A5 03 01 7F 06 11 22 33 44 F9,1
168,2_BITS,"(1, 1);(4, 2)",A5 03 01 7F 00 11 22 33 44 F9,1
169,2_BITS,"(1, 1);(4, 3)",A5 03 01 7F 0C 11 22 33 44 F9,1
170,2_BITS,"(1, 1);(4, 4)",A5 03 01 7F 14 11 22 33 44 F9,1
171,2_BITS,"(1, 1);(4, 5)",A5 03 01 7F 24 11 22 33 44 F9,1
172,2_BITS,"(1, 1);(4, 6)",A5 03 01 7F 44 11 22 33 44 F9,1
173,2_BITS,"(1, 1);(4, 7)",A5 03 01 7F 84 11 22 33 44 F9,1
174,2_BITS,"(1, 1);(5, 0)",A5 03 01 7F 04 10 22 33 44 F9,1
175,2_BITS,"(1, 1);(5, 1)",A5 03 01 7F 04 13 22 33 44 F9,1
176,2_BITS,"(1, 1);(5, 2)",A5 03 01 7F 04 15 22 33 44 F9,1
177,2_BITS,"(1, 1);(5, 3)",A5 03 01 7F 04 19 22 33 44 F9,1
178,2_BITS,"(1, 1);(5, 4)",A5 03 01 7F 04 01 22 33 44 F9,1
179,2_BITS,"(1, 1);(5, 5)",A5 03 01 7F 04 31 22 33 44 F9,1
180,2_BITS,"(1, 1);(5, 6)",A5 03 01 7F 04 51 22 33 44 F9,1
181,2_BITS,"(1, 1);(5, 7)",A5 03 01 7F 04 91 22 33 44 F9,1
182,2_BITS,"(1, 1);(6, 0)",A5 03 01 7F 04 11 23 33 44 F9,1
183,2_BITS,"(1, 1);(6, 1)",A5 03 01 7F 04 11 20 33 44 F9,1
184,2_BITS,"(1, 1);(6, 2)",A5 03 01 7F 04 11 26 33 44 F9,1
185,2_BITS,"(1, 1);(6, 3)",A5 03 01 7F 04 11 2A 33 44 F9,1
186,2_BITS,"(1, 1);(6, 4)",A5 03 01 7F 04 11 32 33 44 F9,1
187,2_BITS,"(1, 1);(6, 5)",A5 03 01 7F 04 11 02 33 44 F9,1
188,2_BITS,"(1, 1);(6, 6)",A5 03 01 7F 04 11 62 33 44 F9,1
189,2_BITS,"(1, 1);(6, 7)",A5 03 01 7F 04 11 A2 33 44 F9,1
190,2_BITS,"(1, 1);(7, 0)",A5 03 01 7F 04 11 22 32 44 F9,1
191,2_BITS,"(1, 1);(7, 1)",A5 03 01 7F 04 11 22 31 44 F9,1
192,2_BITS,"(1, 1);(7, 2)",A5 03 01 7F 04 11 22 37 44 F9,1
193,2_BITS,"(1, 1);(7, 3)",A5 03 01 7F 04 11 22 3B 44 F9,1
194,2_BITS,"(1, 1);(7, 4)",A5 03 01 7F 04 11 22 23 44 F9,1
195,2_BITS,"(1, 1);(7, 5)",A5 03 01 7F 04 11 22 13 44 F9,1
196,2_BITS,"(1, 1);(7, 6)",A5 03 01 7F 04 11 22 73 44 F9,1
197,2_BITS,"(1, 1);(7, 7)",A5 03 01 7F 04 11 22 B3 44 F9,1
198,2_BITS,"(1, 1);(8, 0)",A5 03 01 7F 04 11 22 33 45 F9,1
199,2_BITS,"(1, 1);(8, 1)",A5 03 01 7F 04 11 22 33 46 F9,1
200,2_BITS,"(1, 1);(8, 2)",A5 03 01 7F 04 11 22 33 40 F9,1
201,2_BITS,"(1, 1);(8, 3)",A5 03 01 7F 04 11 22 33 4C F9,1
202,2_BITS,"(1, 1);(8, 4)",A5 03 01 7F 04 11 22 33 54 F9,1
203,2_BITS,"(1, 1);(8, 5)",A5 03 01 7F 04 11 22 33 64 F9,1
204,2_BITS,"(1, 1);(8, 6)",A5 03 01 7F 04 11 22 33 04 F9,1
205,2_BITS,"(1, 1);(8, 7)",A5 03 01 7F 04 11 22 33 C4 F9,1
206,2_BITS,"(1, 1);(9, 0)",A5 03 01 7F 04 11 22 33 44 F8,1
207,2_BITS,"(1, 1);(9, 1)",A5 03 01 7F 04 11 22 33 44 FB,1
208,2_BITS,"(1, 1);(9, 2)",A5 03 01 7F 04 11 22 33 44 FD,1
209,2_BITS,"(1, 1);(9, 3)",A5 03 01 7F 04 11 22 33 44 F1,1
210,2_BITS,"(1, 1);(9, 4)",A5 03 01 7F 04 11 22 33 44 E9,1
211,2_BITS,"(1, 1);(9, 5)",A5 03 01 7F 04 11 22 33 44 D9,1
212,2_BITS,"(1, 1);(9, 6)",A5 03 01 7F 04 11 22 33 44 B9,1
213,2_BITS,"(1, 1);(9, 7)",A5 03 01 7F 04 11 22 33 44 79,1
214,2_BITS,"(1, 2);(1, 3)",A5 0D 01 7F 04 11 22 33 44 F9,1
215,2_BITS,"(1, 2);(1, 4)",A5 15 01 7F 04 11 22 33 44 F9,1
216,2_BITS,"(1, 2);(1, 5)",A5 25 01 7F 04 11 22 33 44 F9,1
217,2_BITS,"(1, 2);(1, 6)",A5 45 01 7F 04 11 22 33 44 F9,1
218,2_BITS,"(1, 2);(1, 7)",A5 85 01 7F 04 11 22 33 44 F9,1
219,2_BITS,"(1, 2);(2, 0)",A5 05 00 7F 04 11 22 33 44 F9,1
220,2_BITS,"(1, 2);(2, 1)",A5 05 03 7F 04 11 22 33 44 F9,1
221,2_BITS,"(1, 2);(2, 2)",A5 05 05 7F 04 11 22 33 44 F9,1
222,2_BITS,"(1, 2);(2, 3)",A5 05 09 7F 04 11 22 33 44 F9,1
223,2_BITS,"(1, 2);(2, 4)",A5 05 11 7F 04 11 22 33 44 F9,1
224,2_BITS,"(1, 2);(2, 5)",A5 05 21 7F 04 11 22 33 44 F9,1
225,2_BITS,"(1, 2);(2, 6)",A5 05 41 7F 04 11 22 33 44 F9,1
226,2_BITS,"(1, 2);(2, 7)",A5 05 81 7F 04 11 22 33 44 F9,1
227,2_BITS,"(1, 2);(3, 0)",A5 05 01 7E 04 11 22 33 44 F9,1
228,2_BITS,"(1, 2);(3, 1)",A5 05 01 7D 04 11 22 33 44 F9,1
229,2_BITS,"(1, 2);(3, 2)",A5 05 01 7B 04 11 22 33 44 F9,1
230,2_BITS,"(1, 2);(3, 3)",A5 05 01 77 04 11 22 33 44 F9,1
231,2_BITS,"(1, 2);(3, 4)",A5 05 01 6F 04 11 22 33 44 F9,1
232,2_BITS,"(1, 2);(3, 5)",A5 05 01 5F 04 11 22 33 44 F9,1
233,2_BITS,"(1, 2);(3, 6)",A5 05 01 3F 04 11 22 33 44 F9,1
234,2_BITS,"(1, 2);(3, 7)",A5 05 01 FF 04 11 22 33 44 F9,1
235,2_BITS,"(1, 2);(4, 0)",A5 05 01 7F 05 11 22 33 44 F9,1
236,2_BITS,"(1, 2);(4, 1)",A5 05 01 7F 06 11 22 33 44 F9,1
237,2_BITS,"(1, 2);(4, 2)",A5 05 01 7F 00 11 22 33 44 F9,1
238,2_BITS,"(1, 2);(4, 3)",A5 05 01 7F 0C 11 22 33 44 F9,1
239,2_BITS,"(1, 2);(4, 4)",A5 05 01 7F 14 11 22 33 44 F9,1
240,2_BITS,"(1, 2);(4, 5)",A5 05 01 7F 24 11 22 33 44 F9,1
241,2_BITS,"(1, 2);(4, 6)",A5 05 01 7F 44 11 22 33 44 F9,1
242,2_BITS,"(1, 2);(4, 7)",A5 05 01 7F 84 11 22 33 44 F9,1
243,2_BITS,"(1, 2);(5, 0)",A5 05 01 7F 04 10 22 33 44 F9,1
244,2_BITS,"(1, 2);(5, 1)",A5 05 01 7F 04 13 22 33 44 F9,1
245,2_BITS,"(1, 2);(5, 2)",A5 05 01 7F 04 15 22 33 44 F9,1
246,2_BITS,"(1, 2);(5, 3)",A5 05 01 7F 04 19 22 33 44 F9,1
247,2_BITS,"(1, 2);(5, 4)",A5 05 01 7F 04 01 22 33 44 F9,1
248,2_BITS,"(1, 2);(5, 5)",A5 05 01 7F 04 31 22 33 44 F9,1
249,2_BITS,"(1, 2);(5, 6)",A5 05 01 7F 04 51 22 33 44 F9,1
250,2_BITS,"(1, 2);(5, 7)",A5 05 01 7F 04 91 22 33 44 F9,1
251,2_BITS,"(1, 2);(6, 0)",A5 05 01 7F 04 11 23 33 44 F9,1
252,2_BITS,"(1, 2);(6, 1)",A5 05 01 7F 04 11 20 33 44 F9,1
253,2_BITS,"(1, 2);(6, 2)",A5 05 01 7F 04 11 26 33 44 F9,1
254,2_BITS,"(1, 2);(6, 3)",A5 05 01 7F 04 11 2A 33 44 F9,1
255,2_BITS,"(1, 2);(6, 4)",A5 05 01 7F 04 11 32 33 44 F9,1
256,2_BITS,"(1, 2);(6, 5)",A5 05 01 7F 04 11 02 33 44 F9,1
257,2_BITS,"(1, 2);(6, 6)",A5 05 01 7F 04 11 62 33 44 F9,1
258,2_BITS,"(1, 2);(6, 7)",A5 05 01 7F 04 11 A2 33 44 F9,1
259,2_BITS,"(1, 2);(7, 0)",A5 05 01 7F 04 11 22 32 44 F9,1
260,2_BITS,"(1, 2);(7, 1)",A5 05 01 7F 04 11 22 31 44 F9,1
261,2_BITS,"(1, 2);(7, 2)",A5 05 01 7F 04 11 22 37 44 F9,1
262,2_BITS,"(1, 2);(7, 3)",A5 05 01 7F 04 11 22 3B 44 F9,1
263,2_BITS,"(1, 2);(7, 4)",A5 05 01 7F 04 11 22 23 44 F9,1
264,2_BITS,"(1, 2);(7, 5)",A5 05 01 7F 04 11 22 13 44 F9,1
265,2_BITS,"(1, 2);(7, 6)",A5 05 01 7F 04 11 22 73 44 F9,1
266,2_BITS,"(1, 2);(7, 7)",A5 05 01 7F 04 11 22 B3 44 F9,1
267,2_BITS,"(1, 2);(8, 0)",A5 05 01 7F 04 11 22 33 45 F9,1
268,2_BITS,"(1, 2);(8, 1)",A5 05 01 7F 04 11 22 33 46 F9,1
269,2_BITS,"(1, 2);(8, 2)",A5 05 01 7F 04 11 22 33 40 F9,1
270,2_BITS,"(1, 2);(8, 3)",A5 05 01 7F 04 11 22 33 4C F9,1
271,2_BITS,"(1, 2);(8, 4)",A5 05 01 7F 04 11 22 33 54 F9,1
272,2_BITS,"(1, 2);(8, 5)",A5 05 01 7F 04 11 22 33 64 F9,1
273,2_BITS,"(1, 2);(8, 6)",A5 05 01 7F 04 11 22 33 04 F9,1
274,2_BITS,"(1, 2);(8, 7)",A5 05 01 7F 04 11 22 33 C4 F9,1
275,2_BITS,"(1, 2);(9, 0)",A5 05 01 7F 04 11 22 33 44 F8,1
276,2_BITS,"(1, 2);(9, 1)",A5 05 01 7F 04 11 22 33 44 FB,1
277,2_BITS,"(1, 2);(9, 2)",A5 05 01 7F 04 11 22 33 44 FD,1
278,2_BITS,"(1, 2);(9, 3)",A5 05 01 7F 04 11 22 33 44 F1,1
279,2_BITS,"(1, 2);(9, 4)",A5 05 01 7F 04 11 22 33 44 E9,1
280,2_BITS,"(1, 2);(9, 5)",A5 05 01 7F 04 11 22 33 44 D9,1
281,2_BITS,"(1, 2);(9, 6)",A5 05 01 7F 04 11 22 33 44 B9,1
282,2_BITS,"(1, 2);(9, 7)",A5 05 01 7F 04 11 22 33 44 79,1
283,2_BITS,"(1, 3);(1, 4)",A5 19 01 7F 04 11 22 33 44 F9,1
284,2_BITS,"(1, 3);(1, 5)",A5 29 01 7F 04 11 22 33 44 F9,1
285,2_BITS,"(1, 3);(1, 6)",A5 49 01 7F 04 11 22 33 44 F9,1
286,2_BITS,"(1, 3);(1, 7)",A5 89 01 7F 04 11 22 33 44 F9,1
287,2_BITS,"(1, 3);(2, 0)",A5 09 00 7F 04 11 22 33 44 F9,1
288,2_BITS,"(1, 3);(2, 1)",A5 09 03 7F 04 11 22 33 44 F9,1
289,2_BITS,"(1, 3);(2, 2)",A5 09 05 7F 04 11 22 33 44 F9,1
290,2_BITS,"(1, 3);(2, 3)",A5 09 09 7F 04 11 22 33 44 F9,1
291,2_BITS,"(1, 3);(2, 4)",A5 09 11 7F 04 11 22 33 44 F9,1
292,2_BITS,"(1, 3);(2, 5)",A5 09 21 7F 04 11 22 33 44 F9,1
293,2_BITS,"(1, 3);(2, 6)",A5 09 41 7F 04 11 22 33 44 F9,1
294,2_BITS,"(1, 3);(2, 7)",A5 09 81 7F 04 11 22 33 44 F9,1
295,2_BITS,"(1, 3);(3, 0)",A5 09 01 7E 04 11 22 33 44 F9,1
296,2_BITS,"(1, 3);(3, 1)",A5 09 01 7D 04 11 22 33 44 F9,1
297,2_BITS,"(1, 3);(3, 2)",A5 09 01 7B 04 11 22 33 44 F9,1
298,2_BITS,"(1, 3);(3, 3)",A5 09 01 77 04 11 22 33 44 F9,1
299,2_BITS,"(1, 3);(3, 4)",A5 09 01 6F 04 11 22 33 44 F9,1
300,2_BITS,"(1, 3);(3, 5)",A5 09 01 5F 04 11 22 33 44 F9,1
301,2_BITS,"(1, 3);(3, 6)",A5 09 01 3F 04 11 22 33 44 F9,1
302,2_BITS,"(1, 3);(3, 7)",A5 09 01 FF 04 11 22 33 44 F9,1
303,2_BITS,"(1, 3);(4, 0)",A5 09 01 7F 05 11 22 33 44 F9,1
304,2_BITS,"(1, 3);(4, 1)",A5 09 01 7F 06 11 22 33 44 F9,1
305,2_BITS,"(1, 3);(4, 2)",A5 09 01 7F 00 11 22 33 44 F9,1
306,2_BITS,"(1, 3);(4, 3)",A5 09 01 7F 0C 11 22 33 44 F9,1
307,2_BITS,"(1, 3);(4, 4)",A5 09 01 7F 14 11 22 33 44 F9,1
308,2_BITS,"(1, 3);(4, 5)",A5 09 01 7F 24 11 22 33 44 F9,1
309,2_BITS,"(1, 3);(4, 6)",A5 09 01 7F 44 11 22 33 44 F9,1
310,2_BITS,"(1, 3);(4, 7)",A5 09 01 7F 84 11 22 33 44 F9,1
311,2_BITS,"(1, 3);(5, 0)",A5 09 01 7F 04 10 22 33 44 F9,1
312,2_BITS,"(1, 3);(5, 1)",A5 09 01 7F 04 13 22 33 44 F9,1
313,2_BITS,"(1, 3);(5, 2)",A5 09 01 7F 04 15 22 33 44 F9,1
314,2_BITS,"(1, 3);(5, 3)",A5 09 01 7F 04 19 22 33 44 F9,1
315,2_BITS,"(1, 3);(5, 4)",A5 09 01 7F 04 01 22 33 44 F9,1
316,2_BITS,"(1, 3);(5, 5)",A5 09 01 7F 04 31 22 33 44 F9,1
317,2_BITS,"(1, 3);(5, 6)",A5 09 01 7F 04 51 22 33 44 F9,1
318,2_BITS,"(1, 3);(5, 7)",A5 09 01 7F 04 91 22 33 44 F9,1
319,2_BITS,"(1, 3);(6, 0)",A5 09 01 7F 04 11 23 33 44 F9,1
320,2_BITS,"(1, 3);(6, 1)",A5 09 01 7F 04 11 20 33 44 F9,1
321,2_BITS,"(1, 3);(6, 2)",A5 09 01 7F 04 11 26 33 44 F9,1
322,2_BITS,"(1, 3);(6, 3)",A5 09 01 7F 04 11 2A 33 44 F9,1
323,2_BITS,"(1, 3);(6, 4)",A5 09 01 7F 04 11 32 33 44 F9,1
324,2_BITS,"(1, 3);(6, 5)",A5 09 01 7F 04 11 02 33 44 F9,1
325,2_BITS,"(1, 3);(6, 6)",A5 09 01 7F 04 11 62 33 44 F9,1
326,2_BITS,"(1, 3);(6, 7)",A5 09 01 7F 04 11 A2 33 44 F9,1
327,2_BITS,"(1, 3);(7, 0)",A5 09 01 7F 04 11 22 32 44 F9,1
328,2_BITS,"(1, 3);(7, 1)",A5 09 01 7F 04 11 22 31 44 F9,1
329,2_BITS,"(1, 3);(7, 2)",A5 09 01 7F 04 11 22 37 44 F9,1
330,2_BITS,"(1, 3);(7, 3)",A5 09 01 7F 04 11 22 3B 44 F9,1
331,2_BITS,"(1, 3);(7, 4)",A5 09 01 7F 04 11 22 23 44 F9,1
332,2_BITS,"(1, 3);(7, 5)",A5 09 01 7F 04 11 22 13 44 F9,1
333,2_BITS,"(1, 3);(7, 6)",A5 09 01 7F 04 11 22 73 44 F9,1
334,2_BITS,"(1, 3);(7, 7)",A5 09 01 7F 04 11 22 B3 44 F9,1
335,2_BITS,"(1, 3);(8, 0)",A5 09 01 7F 04 11 22 33 45 F9,1
336,2_BITS,"(1, 3);(8, 1)",A5 09 01 7F 04 11 22 33 46 F9,1
337,2_BITS,"(1, 3);(8, 2)",A5 09 01 7F 04 11 22 33 40 F9,1
338,2_BITS,"(1, 3);(8, 3)",A5 09 01 7F 04 11 22 33 4C F9,1
339,2_BITS,"(1, 3);(8, 4)",A5 09 01 7F 04 11 22 33 54 F9,1
340,2_BITS,"(1, 3);(8, 5)",A5 09 01 7F 04 11 22 33 64 F9,1
341,2_BITS,"(1, 3);(8, 6)",A5 09 01 7F 04 11 22 33 04 F9,1
342,2_BITS,"(1, 3);(8, 7)",A5 09 01 7F 04 11 22 33 C4 F9,1
343,2_BITS,"(1, 3);(9, 0)",A5 09 01 7F 04 11 22 33 44 F8,1
344,2_BITS,"(1, 3);(9, 1)",A5 09 01 7F 04 11 22 33 44 FB,1
345,2_BITS,"(1, 3);(9, 2)",A5 09 01 7F 04 11 22 33 44 FD,1
346,2_BITS,"(1, 3);(9, 3)",A5 09 01 7F 04 11 22 33 44 F1,1
347,2_BITS,"(1, 3);(9, 4)",A5 09 01 7F 04 11 22 33 44 E9,1
348,2_BITS,"(1, 3);(9, 5)",A5 09 01 7F 04 11 22 33 44 D9,1
349,2_BITS,"(1, 3);(9, 6)",A5 09 01 7F 04 11 22 33 44 B9,1
350,2_BITS,"(1, 3);(9, 7)",A5 09 01 7F 04 11 22 33 44 79,1
351,2_BITS,"(1, 4);(1, 5)",A5 31 01 7F 04 11 22 33 44 F9,1
352,2_BITS,"(1, 4);(1, 6)",A5 51 01 7F 04 11 22 33 44 F9,1
353,2_BITS,"(1, 4);(1, 7)",A5 91 01 7F 04 11 22 33 44 F9,1
354,2_BITS,"(1, 4);(2, 0)",A5 11 00 7F 04 11 22 33 44 F9,1
355,2_BITS,"(1, 4);(2, 1)",A5 11 03 7F 04 11 22 33 44 F9,1
356,2_BITS,"(1, 4);(2, 2)",A5 11 05 7F 04 11 22 33 44 F9,1
357,2_BITS,"(1, 4);(2, 3)",A5 11 09 7F 04 11 22 33 44 F9,1
358,2_BITS,"(1, 4);(2, 4)",A5 11 11 7F 04 11 22 33 44 F9,1
359,2_BITS,"(1, 4);(2, 5)",A5 11 21 7F 04 11 22 33 44 F9,1
360,2_BITS,"(1, 4);(2, 6)",A5 11 41 7F 04 11 22 33 44 F9,1
361,2_BITS,"(1, 4);(2, 7)",A5 11 81 7F 04 11 22 33 44 F9,1
362,2_BITS,"(1, 4);(3, 0)",A5 11 01 7E 04 11 22 33 44 F9,1
363,2_BITS,"(1, 4);(3, 1)",A5 11 01 7D 04 11 22 33 44 F9,1
364,2_BITS,"(1, 4);(3, 2)",A5 11 01 7B 04 11 22 33 44 F9,1
365,2_BITS,"(1, 4);(3, 3)",A5 11 01 77 04 11 22 33 44 F9,1
366,2_BITS,"(1, 4);(3, 4)",A5 11 01 6F 04 11 22 33 44 F9,1
367,2_BITS,"(1, 4);(3, 5)",A5 11 01 5F 04 11 22 33 44 F9,1
368,2_BITS,"(1, 4);(3, 6)",A5 11 01 3F 04 11 22 33 44 F9,1
369,2_BITS,"(1, 4);(3, 7)",A5 11 01 FF 04 11 22 33 44 F9,1
370,2_BITS,"(1, 4);(4, 0)",A5 11 01 7F 05 11 22 33 44 F9,1
371,2_BITS,"(1, 4);(4, 1)",A5 11 01 7F 06 11 22 33 44 F9,1
372,2_BITS,"(1, 4);(4, 2)",A5 11 01 7F 00 11 22 33 44 F9,1
373,2_BITS,"(1, 4);(4, 3)",A5 11 01 7F 0C 11 22 33 44 F9,1
374,2_BITS,"(1, 4);(4, 4)",A5 11 01 7F 14 11 22 33 44 F9,1
375,2_BITS,"(1, 4);(4, 5)",A5 11 01 7F 24 11 22 33 44 F9,1
376,2_BITS,"(1, 4);(4, 6)",A5 11 01 7F 44 11 22 33 44 F9,1
377,2_BITS,"(1, 4);(4, 7)",A5 11 01 7F 84 11 22 33 44 F9,1
378,2_BITS,"(1, 4);(5, 0)",A5 11 01 7F 04 10 22 33 44 F9,1
379,2_BITS,"(1, 4);(5, 1)",A5 11 01 7F 04 13 22 33 44 F9,1
380,2_BITS,"(1, 4);(5, 2)",A5 11 01 7F 04 15 22 33 44 F9,1
381,2_BITS,"(1, 4);(5, 3)",A5 11 01 7F 04 19 22 33 44 F9,1
382,2_BITS,"(1, 4);(5, 4)",A5 11 01 7F 04 01 22 33 44 F9,1
383,2_BITS,"(1, 4);(5, 5)",A5 11 01 7F 04 31 22 33 44 F9,1
384,2_BITS,"(1, 4);(5, 6)",A5 11 01 7F 04 51 22 33 44 F9,1
385,2_BITS,"(1, 4);(5, 7)",A5 11 01 7F 04 91 22 33 44 F9,1
386,2_BITS,"(1, 4);(6, 0)",A5 11 01 7F 04 11 23 33 44 F9,1
387,2_BITS,"(1, 4);(6, 1)",A5 11 01 7F 04 11 20 33 44 F9,1
388,2_BITS,"(1, 4);(6, 2)",A5 11 01 7F 04 11 26 33 44 F9,1
389,2_BITS,"(1, 4);(6, 3)",A5 11 01 7F 04 11 2A 33 44 F9,1
390,2_BITS,"(1, 4);(6, 4)",A5 11 01 7F 04 11 32 33 44 F9,1
391,2_BITS,"(1, 4);(6, 5)",A5 11 01 7F 04 11 02 33 44 F9,1
392,2_BITS,"(1, 4);(6, 6)",A5 11 01 7F 04 11 62 33 44 F9,1
393,2_BITS,"(1, 4);(6, 7)",A5 11 01 7F 04 11 A2 33 44 F9,1
394,2_BITS,"(1, 4);(7, 0)",A5 11 01 7F 04 11 22 32 44 F9,1
395,2_BITS,"(1, 4);(7, 1)",A5 11 01 7F 04 11 22 31 44 F9,1
396,2_BITS,"(1, 4);(7, 2)",A5 11 01 7F 04 11 22 37 44 F9,1
397,2_BITS,"(1, 4);(7, 3)",A5 11 01 7F 04 11 22 3B 44 F9,1
398,2_BITS,"(1, 4);(7, 4)",A5 11 01 7F 04 11 22 23 44 F9,1
399,2_BITS,"(1, 4);(7, 5)",A5 11 01 7F 04 11 22 13 44 F9,1
400,2_BITS,"(1, 4);(7, 6)",A5 11 01 7F 04 11 22 73 44 F9,1
401,2_BITS,"(1, 4);(7, 7)",A5 11 01 7F 04 11 22 B3 44 F9,1
402,2_BITS,"(1, 4);(8, 0)",A5 11 01 7F 04 11 22 33 45 F9,1
403,2_BITS,"(1, 4);(8, 1)",A5 11 01 7F 04 11 22 33 46 F9,1
404,2_BITS,"(1, 4);(8, 2)",A5 11 01 7F 04 11 22 33 40 F9,1
405,2_BITS,"(1, 4);(8, 3)",A5 11 01 7F 04 11 22 33 4C F9,1
406,2_BITS,"(1, 4);(8, 4)",A5 11 01 7F 04 11 22 33 54 F9,1
407,2_BITS,"(1, 4);(8, 5)",A5 11 01 7F 04 11 22 33 64 F9,1
408,2_BITS,"(1, 4);(8, 6)",A5 11 01 7F 04 11 22 33 04 F9,1
409,2_BITS,"(1, 4);(8, 7)",A5 11 01 7F 04 11 22 33 C4 F9,1
410,2_BITS,"(1, 4);(9, 0)",A5 11 01 7F 04 11 22 33 44 F8,1
411,2_BITS,"(1, 4);(9, 1)",A5 11 01 7F 04 11 22 33 44 FB,1
412,2_BITS,"(1, 4);(9, 2)",A5 11 01 7F 04 11 22 33 44 FD,1
413,2_BITS,"(1, 4);(9, 3)",A5 11 01 7F 04 11 22 33 44 F1,1
414,2_BITS,"(1, 4);(9, 4)",A5 11 01 7F 04 11 22 33 44 E9,1
415,2_BITS,"(1, 4);(9, 5)",A5 11 01 7F 04 11 22 33 44 D9,1
416,2_BITS,"(1, 4);(9, 6)",A5 11 01 7F 04 11 22 33 44 B9,1
417,2_BITS,"(1, 4);(9, 7)",A5 11 01 7F 04 11 22 33 44 79,1
418,2_BITS,"(1, 5);(1, 6)",A5 61 01 7F 04 11 22 33 44 F9,1
419,2_BITS,"(1, 5);(1, 7)",A5 A1 01 7F 04 11 22 33 44 F9,1
420,2_BITS,"(1, 5);(2, 0)",A5 21 00 7F 04 11 22 33 44 F9,1
421,2_BITS,"(1, 5);(2, 1)",A5 21 03 7F 04 11 22 33 44 F9,1
422,2_BITS,"(1, 5);(2, 2)",A5 21 05 7F 04 11 22 33 44 F9,1
423,2_BITS,"(1, 5);(2, 3)",A5 21 09 7F 04 11 22 33 44 F9,1
424,2_BITS,"(1, 5);(2, 4)",A5 21 11 7F 04 11 22 33 44 F9,1
425,2_BITS,"(1, 5);(2, 5)",A5 21 21 7F 04 11 22 33 44 F9,1
426,2_BITS,"(1, 5);(2, 6)",A5 21 41 7F 04 11 22 33 44 F9,1
427,2_BITS,"(1, 5);(2, 7)",A5 21 81 7F 04 11 22 33 44 F9,1
428,2_BITS,"(1, 5);(3, 0)",A5 21 01 7E 04 11 22 33 44 F9,1
429,2_BITS,"(1, 5);(3, 1)",A5 21 01 7D 04 11 22 33 44 F9,1
430,2_BITS,"(1, 5);(3, 2)",A5 21 01 7B 04 11 22 33 44 F9,1
431,2_BITS,"(1, 5);(3, 3)",A5 21 01 77 04 11 22 33 44 F9,1
432,2_BITS,"(1, 5);(3, 4)",A5 21 01 6F 04 11 22 33 44 F9,1
433,2_BITS,"(1, 5);(3, 5)",A5 21 01 5F 04 11 22 33 44 F9,1
434,2_BITS,"(1, 5);(3, 6)",A5 21 01 3F 04 11 22 33 44 F9,1
435,2_BITS,"(1, 5);(3, 7)",A5 21 01 FF 04 11 22 33 44 F9,1
436,2_BITS,"(1, 5);(4, 0)",A5 21 01 7F 05 11 22 33 44 F9,1
437,2_BITS,"(1, 5);(4, 1)",A5 21 01 7F 06 11 22 33 44 F9,1
438,2_BITS,"(1, 5);(4, 2)",A5 21 01 7F 00 11 22 33 44 F9,1
439,2_BITS,"(1, 5);(4, 3)",A5 21 01 7F 0C 11 22 33 44 F9,1
440,2_BITS,"(1, 5);(4, 4)",A5 21 01 7F 14 11 22 33 44 F9,1
441,2_BITS,"(1, 5);(4, 5)",A5 21 01 7F 24 11 22 33 44 F9,1
442,2_BITS,"(1, 5);(4, 6)",A5 21 01 7F 44 11 22 33 44 F9,1
443,2_BITS,"(1, 5);(4, 7)",A5 21 01 7F 84 11 22 33 44 F9,1
444,2_BITS,"(1, 5);(5, 0)",A5 21 01 7F 04 10 22 33 44 F9,1
445,2_BITS,"(1, 5);(5, 1)",A5 21 01 7F 04 13 22 33 44 F9,1
446,2_BITS,"(1, 5);(5, 2)",A5 21 01 7F 04 15 22 33 44 F9,1
447,2_BITS,"(1, 5);(5, 3)",A5 21 01 7F 04 19 22 33 44 F9,1
448,2_BITS,"(1, 5);(5, 4)",A5 21 01 7F 04 01 22 33 44 F9,1
449,2_BITS,"(1, 5);(5, 5)",A5 21 01 7F 04 31 22 33 44 F9,1
450,2_BITS,"(1, 5);(5, 6)",A5 21 01 7F 04 51 22 33 44 F9,1
451,2_BITS,"(1, 5);(5, 7)",A5 21 01 7F 04 91 22 33 44 F9,1
452,2_BITS,"(1, 5);(6, 0)",A5 21 01 7F 04 11 23 33 44 F9,1
453,2_BITS,"(1, 5);(6, 1)",A5 21 01 7F 04 11 20 33 44 F9,1
454,2_BITS,"(1, 5);(6, 2)",A5 21 01 7F 04 11 26 33 44 F9,1
455,2_BITS,"(1, 5);(6, 3)",A5 21 01 7F 04 11 2A 33 44 F9,1
456,2_BITS,"(1, 5);(6, 4)",A5 21 01 7F 04 11 32 33 44 F9,1
457,2_BITS,"(1, 5);(6, 5)",A5 21 01 7F 04 11 02 33 44 F9,1
458,2_BITS,"(1, 5);(6, 6)",A5 21 01 7F 04 11 62 33 44 F9,1
459,2_BITS,"(1, 5);(6, 7)",A5 21 01 7F 04 11 A2 33 44 F9,1
460,2_BITS,"(1, 5);(7, 0)",A5 21 01 7F 04 11 22 32 44 F9,1
461,2_BITS,"(1, 5);(7, 1)",A5 21 01 7F 04 11 22 31 44 F9,1
462,2_BITS,"(1, 5);(7, 2)",A5 21 01 7F 04 11 22 37 44 F9,1
463,2_BITS,"(1, 5);(7, 3)",A5 21 01 7F 04 11 22 3B 44 F9,1
464,2_BITS,"(1, 5);(7, 4)",A5 21 01 7F 04 11 22 23 44 F9,1
465,2_BITS,"(1, 5);(7, 5)",A5 21 01 7F 04 11 22 13 44 F9,1
466,2_BITS,"(1, 5);(7, 6)",A5 21 01 7F 04 11 22 73 44 F9,1
467,2_BITS,"(1, 5);(7, 7)",A5 21 01 7F 04 11 22 B3 44 F9,1
468,2_BITS,"(1, 5);(8, 0)",A5 21 01 7F 04 11 22 33 45 F9,1
469,2_BITS,"(1, 5);(8, 1)",A5 21 01 7F 04 11 22 33 46 F9,1
470,2_BITS,"(1, 5);(8, 2)",A5 21 01 7F 04 11 22 33 40 F9,1
471,2_BITS,"(1, 5);(8, 3)",A5 21 01 7F 04 11 22 33 4C F9,1
472,2_BITS,"(1, 5);(8, 4)",A5 21 01 7F 04 11 22 33 54 F9,1
473,2_BITS,"(1, 5);(8, 5)",A5 21 01 7F 04 11 22 33 64 F9,1
474,2_BITS,"(1, 5);(8, 6)",A5 21 01 7F 04 11 22 33 04 F9,1
475,2_BITS,"(1, 5);(8, 7)",A5 21 01 7F 04 11 22 33 C4 F9,1
476,2_BITS,"(1, 5);(9, 0)",A5 21 01 7F 04 11 22 33 44 F8,1
477,2_BITS,"(1, 5);(9, 1)",A5 21 01 7F 04 11 22 33 44 FB,1
478,2_BITS,"(1, 5);(9, 2)",A5 21 01 7F 04 11 22 33 44 FD,1
479,2_BITS,"(1, 5);(9, 3)",A5 21 01 7F 04 11 22 33 44 F1,1
480,2_BITS,"(1, 5);(9, 4)",A5 21 01 7F 04 11 22 33 44 E9,1
481,2_BITS,"(1, 5);(9, 5)",A5 21 01 7F 04 11 22 33 44 D9,1
482,2_BITS,"(1, 5);(9, 6)",A5 21 01 7F 04 11 22 33 44 B9,1
483,2_BITS,"(1, 5);(9, 7)",A5 21 01 7F 04 11 22 33 44 79,1
484,2_BITS,"(1, 6);(1, 7)",A5 C1 01 7F 04 11 22 33 44 F9,1
485,2_BITS,"(1, 6);(2, 0)",A5 41 00 7F 04 11 22 33 44 F9,1
486,2_BITS,"(1, 6);(2, 1)",A5 41 03 7F 04 11 22 33 44 F9,1
487,2_BITS,"(1, 6);(2, 2)",A5 41 05 7F 04 11 22 33 44 F9,1
488,2_BITS,"(1, 6);(2, 3)",A5 41 09 7F 04 11 22 33 44 F9,1
489,2_BITS,"(1, 6);(2, 4)",A5 41 11 7F 04 11 22 33 44 F9,1
490,2_BITS,"(1, 6);(2, 5)",A5 41 21 7F 04 11 22 33 44 F9,1
491,2_BITS,"(1, 6);(2, 6)",A5 41 41 7F 04 11 22 33 44 F9,1
492,2_BITS,"(1, 6);(2, 7)",A5 41 81 7F 04 11 22 33 44 F9,1
493,2_BITS,"(1, 6);(3, 0)",A5 41 01 7E 04 11 22 33 44 F9,1
494,2_BITS,"(1, 6);(3, 1)",A5 41 01 7D 04 11 22 33 44 F9,1
495,2_BITS,"(1, 6);(3, 2)",A5 41 01 7B 04 11 22 33 44 F9,1
496,2_BITS,"(1, 6);(3, 3)",A5 41 01 77 04 11 22 33 44 F9,1
497,2_BITS,"(1, 6);(3, 4)",A5 41 01 6F 04 11 22 33 44 F9,1
498,2_BITS,"(1, 6);(3, 5)",A5 41 01 5F 04 11 22 33 44 F9,1
499,2_BITS,"(1, 6);(3, 6)",A5 41 01 3F 04 11 22 33 44 F9,1
500,2_BITS,"(1, 6);(3, 7)",A5 41 01 FF 04 11 22 33 44 F9,1
501,2_BITS,"(1, 6);(4, 0)",A5 41 01 7F 05 11 22 33 44 F9,1
502,2_BITS,"(1, 6);(4, 1)",A5 41 01 7F 06 11 22 33 44 F9,1
503,2_BITS,"(1, 6);(4, 2)",A5 41 01 7F 00 11 22 33 44 F9,1
504,2_BITS,"(1, 6);(4, 3)",A5 41 01 7F 0C 11 22 33 44 F9,1
505,2_BITS,"(1, 6);(4, 4)",A5 41 01 7F 14 11 22 33 44 F9,1
506,2_BITS,"(1, 6);(4, 5)",A5 41 01 7F 24 11 22 33 44 F9,1
507,2_BITS,"(1, 6);(4, 6)",A5 41 01 7F 44 11 22 33 44 F9,1
508,2_BITS,"(1, 6);(4, 7)",A5 41 01 7F 84 11 22 33 44 F9,1
509,2_BITS,"(1, 6);(5, 0)",A5 41 01 7F 04 10 22 33 44 F9,1
510,2_BITS,"(1, 6);(5, 1)",A5 41 01 7F 04 13 22 33 44 F9,1
511,2_BITS,"(1, 6);(5, 2)",A5 41 01 7F 04 15 22 33 44 F9,1
512,2_BITS,"(1, 6);(5, 3)",A5 41 01 7F 04 19 22 33 44 F9,1
513,2_BITS,"(1, 6);(5, 4)",A5 41 01 7F 04 01 22 33 44 F9,1
514,2_BITS,"(1, 6);(5, 5)",A5 41 01 7F 04 31 22 33 44 F9,1
515,2_BITS,"(1, 6);(5, 6)",A5 41 01 7F 04 51 22 33 44 F9,1
516,2_BITS,"(1, 6);(5, 7)",A5 41 01 7F 04 91 22 33 44 F9,1
517,2_BITS,"(1, 6);(6, 0)",A5 41 01 7F 04 11 23 33 44 F9,1
518,2_BITS,"(1, 6);(6, 1)",A5 41 01 7F 04 11 20 33 44 F9,1
519,2_BITS,"(1, 6);(6, 2)",A5 41 01 7F 04 11 26 33 44 F9,1
520,2_BITS,"(1, 6);(6, 3)",A5 41 01 7F 04 11 2A 33 44 F9,1
521,2_BITS,"(1, 6);(6, 4)",A5 41 01 7F 04 11 32 33 44 F9,1
522,2_BITS,"(1, 6);(6, 5)",A5 41 01 7F 04 11 02 33 44 F9,1
523,2_BITS,"(1, 6);(6, 6)",A5 41 01 7F 04 11 62 33 44 F9,1
524,2_BITS,"(1, 6);(6, 7)",A5 41 01 7F 04 11 A2 33 44 F9,1
525,2_BITS,"(1, 6);(7, 0)",A5 41 01 7F 04 11 22 32 44 F9,1
526,2_BITS,"(1, 6);(7, 1)",A5 41 01 7F 04 11 22 31 44 F9,1
527,2_BITS,"(1, 6);(7, 2)",A5 41 01 7F 04 11 22 37 44 F9,1
528,2_BITS,"(1, 6);(7, 3)",A5 41 01 7F 04 11 22 3B 44 F9,1
529,2_BITS,"(1, 6);(7, 4)",A5 41 01 7F 04 11 22 23 44 F9,1
530,2_BITS,"(1, 6);(7, 5)",A5 41 01 7F 04 11 22 13 44 F9,1
531,2_BITS,"(1, 6);(7, 6)",A5 41 01 7F 04 11 22 73 44 F9,1
532,2_BITS,"(1, 6);(7, 7)",A5 41 01 7F 04 11 22 B3 44 F9,1
533,2_BITS,"(1, 6);(8, 0)",A5 41 01 7F 04 11 22 33 45 F9,1
534,2_BITS,"(1, 6);(8, 1)",A5 41 01 7F 04 11 22 33 46 F9,1
535,2_BITS,"(1, 6);(8, 2)",A5 41 01 7F 04 11 22 33 40 F9,1
536,2_BITS,"(1, 6);(8, 3)",A5 41 01 7F 04 11 22 33 4C F9,1
537,2_BITS,"(1, 6);(8, 4)",A5 41 01 7F 04 11 22 33 54 F9,1
538,2_BITS,"(1, 6);(8, 5)",A5 41 01 7F 04 11 22 33 64 F9,1
539,2_BITS,"(1, 6);(8, 6)",A5 41 01 7F 04 11 22 33 04 F9,1
540,2_BITS,"(1, 6);(8, 7)",A5 41 01 7F 04 11 22 33 C4 F9,1
541,2_BITS,"(1, 6);(9, 0)",A5 41 01 7F 04 11 22 33 44 F8,1
542,2_BITS,"(1, 6);(9, 1)",A5 41 01 7F 04 11 22 33 44 FB,1
543,2_BITS,"(1, 6);(9, 2)",A5 41 01 7F 04 11 22 33 44 FD,1
544,2_BITS,"(1, 6);(9, 3)",A5 41 01 7F 04 11 22 33 44 F1,1
545,2_BITS,"(1, 6);(9, 4)",A5 41 01 7F 04 11 22 33 44 E9,1
546,2_BITS,"(1, 6);(9, 5)",A5 41 01 7F 04 11 22 33 44 D9,1
547,2_BITS,"(1, 6);(9, 6)",A5 41 01 7F 04 11 22 33 44 B9,1
548,2_BITS,"(1, 6);(9, 7)",A5 41 01 7F 04 11 22 33 44 79,1
549,2_BITS,"(1, 7);(2, 0)",A5 81 00 7F 04 11 22 33 44 F9,1
550,2_BITS,"(1, 7);(2, 1)",A5 81 03 7F 04 11 22 33 44 F9,1
551,2_BITS,"(1, 7);(2, 2)",A5 81 05 7F 04 11 22 33 44 F9,1
552,2_BITS,"(1, 7);(2, 3)",A5 81 09 7F 04 11 22 33 44 F9,1
553,2_BITS,"(1, 7);(2, 4)",A5 81 11 7F 04 11 22 33 44 F9,1
554,2_BITS,"(1, 7);(2, 5)",A5 81 21 7F 04 11 22 33 44 F9,1
555,2_BITS,"(1, 7);(2, 6)",A5 81 41 7F 04 11 22 33 44 F9,1
556,2_BITS,"(1, 7);(2, 7)",A5 81 81 7F 04 11 22 33 44 F9,1
557,2_BITS,"(1, 7);(3, 0)",A5 81 01 7E 04 11 22 33 44 F9,1
558,2_BITS,"(1, 7);(3, 1)",A5 81 01 7D 04 11 22 33 44 F9,1
559,2_BITS,"(1, 7);(3, 2)",A5 81 01 7B 04 11 22 33 44 F9,1
560,2_BITS,"(1, 7);(3, 3)",A5 81 01 77 04 11 22 33 44 F9,1
561,2_BITS,"(1, 7);(3, 4)",A5 81 01 6F 04 11 22 33 44 F9,1
562,2_BITS,"(1, 7);(3, 5)",A5 81 01 5F 04 11 22 33 44 F9,1
563,2_BITS,"(1, 7);(3, 6)",A5 81 01 3F 04 11 22 33 44 F9,1
564,2_BITS,"(1, 7);(3, 7)",A5 81 01 FF 04 11 22 33 44 F9,1
565,2_BITS,"(1, 7);(4, 0)",A5 81 01 7F 05 11 22 33 44 F9,1
566,2_BITS,"(1, 7);(4, 1)",A5 81 01 7F 06 11 22 33 44 F9,1
567,2_BITS,"(1, 7);(4, 2)",A5 81 01 7F 00 11 22 33 44 F9,1
568,2_BITS,"(1, 7);(4, 3)",A5 81 01 7F 0C 11 22 33 44 F9,1
569,2_BITS,"(1, 7);(4, 4)",A5 81 01 7F 14 11 22 33 44 F9,1
570,2_BITS,"(1, 7);(4, 5)",A5 81 01 7F 24 11 22 33 44 F9,1
571,2_BITS,"(1, 7);(4, 6)",A5 81 01 7F 44 11 22 33 44 F9,1
572,2_BITS,"(1, 7);(4, 7)",A5 81 01 7F 84 11 22 33 44 F9,1
573,2_BITS,"(1, 7);(5, 0)",A5 81 01 7F 04 10 22 33 44 F9,1
574,2_BITS,"(1, 7);(5, 1)",A5 81 01 7F 04 13 22 33 44 F9,1
575,2_BITS,"(1, 7);(5, 2)",A5 81 01 7F 04 15 22 33 44 F9,1
576,2_BITS,"(1, 7);(5, 3)",A5 81 01 7F 04 19 22 33 44 F9,1
577,2_BITS,"(1, 7);(5, 4)",A5 81 01 7F 04 01 22 33 44 F9,1
578,2_BITS,"(1, 7);(5, 5)",A5 81 01 7F 04 31 22 33 44 F9,1
579,2_BITS,"(1, 7);(5, 6)",A5 81 01 7F 04 51 22 33 44 F9,1
580,2_BITS,"(1, 7);(5, 7)",A5 81 01 7F 04 91 22 33 44 F9,1
581,2_BITS,"(1, 7);(6, 0)",A5 81 01 7F 04 11 23 33 44 F9,1
582,2_BITS,"(1, 7);(6, 1)",A5 81 01 7F 04 11 20 33 44 F9,1
583,2_BITS,"(1, 7);(6, 2)",A5 81 01 7F 04 11 26 33 44 F9,1
584,2_BITS,"(1, 7);(6, 3)",A5 81 01 7F 04 11 2A 33 44 F9,1
585,2_BITS,"(1, 7);(6, 4)",A5 81 01 7F 04 11 32 33 44 F9,1
586,2_BITS,"(1, 7);(6, 5)",A5 81 01 7F 04 11 02 33 44 F9,1
587,2_BITS,"(1, 7);(6, 6)",A5 81 01 7F 04 11 62 33 44 F9,1
588,2_BITS,"(1, 7);(6, 7)",A5 81 01 7F 04 11 A2 33 44 F9,1
589,2_BITS,"(1, 7);(7, 0)",A5 81 01 7F 04 11 22 32 44 F9,1
590,2_BITS,"(1, 7);(7, 1)",A5 81 01 7F 04 11 22 31 44 F9,1
591,2_BITS,"(1, 7);(7, 2)",A5 81 01 7F 04 11 22 37 44 F9,1
592,2_BITS,"(1, 7);(7, 3)",A5 81 01 7F 04 11 22 3B 44 F9,1
593,2_BITS,"(1, 7);(7, 4)",A5 81 01 7F 04 11 22 23 44 F9,1
594,2_BITS,"(1, 7);(7, 5)",A5 81 01 7F 04 11 22 13 44 F9,1
595,2_BITS,"(1, 7);(7, 6)",A5 81 01 7F 04 11 22 73 44 F9,1
596,2_BITS,"(1, 7);(7, 7)",A5 81 01 7F 04 11 22 B3 44 F9,1
597,2_BITS,"(1, 7);(8, 0)",A5 81 01 7F 04 11 22 33 45 F9,1
598,2_BITS,"(1, 7);(8, 1)",A5 81 01 7F 04 11 22 33 46 F9,1
599,2_BITS,"(1, 7);(8, 2)",A5 81 01 7F 04 11 22 33 40 F9,1
600,2_BITS,"(1, 7);(8, 3)",A5 81 01 7F 04 11 22 33 4C F9,1
601,2_BITS,"(1, 7);(8, 4)",A5 81 01 7F 04 11 22 33 54 F9,1
602,2_BITS,"(1, 7);(8, 5)",A5 81 01 7F 04 11 22 33 64 F9,1
603,2_BITS,"(1, 7);(8, 6)",A5 81 01 7F 04 11 22 33 04 F9,1
604,2_BITS,"(1, 7);(8, 7)",A5 81 01 7F 04 11 22 33 C4 F9,1
605,2_BITS,"(1, 7);(9, 0)",A5 81 01 7F 04 11 22 33 44 F8,1
606,2_BITS,"(1, 7);(9, 1)",A5 81 01 7F 04 11 22 33 44 FB,1
607,2_BITS,"(1, 7);(9, 2)",A5 81 01 7F 04 11 22 33 44 FD,1
608,2_BITS,"(1, 7);(9, 3)",A5 81 01 7F 04 11 22 33 44 F1,1
609,2_BITS,"(1, 7);(9, 4)",A5 81 01 7F 04 11 22 33 44 E9,1
610,2_BITS,"(1, 7);(9, 5)",A5 81 01 7F 04 11 22 33 44 D9,1
611,2_BITS,"(1, 7);(9, 6)",A5 81 01 7F 04 11 22 33 44 B9,1
612,2_BITS,"(1, 7);(9, 7)",A5 81 01 7F 04 11 22 33 44 79,1
613,2_BITS,"(2, 0);(2, 1)",A5 01 02 7F 04 11 22 33 44 F9,1
614,2_BITS,"(2, 0);(2, 2)",A5 01 04 7F 04 11 22 33 44 F9,1
615,2_BITS,"(2, 0);(2, 3)",A5 01 08 7F 04 11 22 33 44 F9,1
616,2_BITS,"(2, 0);(2, 4)",A5 01 10 7F 04 11 22 33 44 F9,1
617,2_BITS,"(2, 0);(2, 5)",A5 01 20 7F 04 11 22 33 44 F9,1
618,2_BITS,"(2, 0);(2, 6)",A5 01 40 7F 04 11 22 33 44 F9,1
619,2_BITS,"(2, 0);(2, 7)",A5 01 80 7F 04 11 22 33 44 F9,1
620,2_BITS,"(2, 0);(3, 0)",A5 01 00 7E 04 11 22 33 44 F9,1
621,2_BITS,"(2, 0);(3, 1)",A5 01 00 7D 04 11 22 33 44 F9,1
622,2_BITS,"(2, 0);(3, 2)",A5 01 00 7B 04 11 22 33 44 F9,1
623,2_BITS,"(2, 0);(3, 3)",A5 01 00 77 04 11 22 33 44 F9,1
624,2_BITS,"(2, 0);(3, 4)",A5 01 00 6F 04 11 22 33 44 F9,1
625,2_BITS,"(2, 0);(3, 5)",A5 01 00 5F 04 11 22 33 44 F9,1
626,2_BITS,"(2, 0);(3, 6)",A5 01 00 3F 04 11 22 33 44 F9,1
627,2_BITS,"(2, 0);(3, 7)",A5 01 00 FF 04 11 22 33 44 F9,1
628,2_BITS,"(2, 0);(4, 0)",A5 01 00 7F 05 11 22 33 44 F9,1
629,2_BITS,"(2, 0);(4, 1)",A5 01 00 7F 06 11 22 33 44 F9,1
630,2_BITS,"(2, 0);(4, 2)",A5 01 00 7F 00 11 22 33 44 F9,1
631,2_BITS,"(2, 0);(4, 3)",A5 01 00 7F 0C 11 22 33 44 F9,1
632,2_BITS,"(2, 0);(4, 4)",A5 01 00 7F 14 11 22 33 44 F9,1
633,2_BITS,"(2, 0);(4, 5)",A5 01 00 7F 24 11 22 33 44 F9,1
634,2_BITS,"(2, 0);(4, 6)",A5 01 00 7F 44 11 22 33 44 F9,1
635,2_BITS,"(2, 0);(4, 7)",A5 01 00 7F 84 11 22 33 44 F9,1
636,2_BITS,"(2, 0);(5, 0)",A5 01 00 7F 04 10 22 33 44 F9,1
637,2_BITS,"(2, 0);(5, 1)",A5 01 00 7F 04 13 22 33 44 F9,1
638,2_BITS,"(2, 0);(5, 2)",A5 01 00 7F 04 15 22 33 44 F9,1
639,2_BITS,"(2, 0);(5, 3)",A5 01 00 7F 04 19 22 33 44 F9,1
640,2_BITS,"(2, 0);(5, 4)",A5 01 00 7F 04 01 22 33 44 F9,1
641,2_BITS,"(2, 0);(5, 5)",A5 01 00 7F 04 31 22 33 44 F9,1
642,2_BITS,"(2, 0);(5, 6)",A5 01 00 7F 04 51 22 33 44 F9,1
643,2_BITS,"(2, 0);(5, 7)",A5 01 00 7F 04 91 22 33 44 F9,1
644,2_BITS,"(2, 0);(6, 0)",A5 01 00 7F 04 11 23 33 44 F9,1
645,2_BITS,"(2, 0);(6, 1)",A5 01 00 7F 04 11 20 33 44 F9,1
646,2_BITS,"(2, 0);(6, 2)",A5 01 00 7F 04 11 26 33 44 F9,1
647,2_BITS,"(2, 0);(6, 3)",A5 01 00 7F 04 11 2A 33 44 F9,1
648,2_BITS,"(2, 0);(6, 4)",A5 01 00 7F 04 11 32 33 44 F9,1
649,2_BITS,"(2, 0);(6, 5)",A5 01 00 7F 04 11 02 33 44 F9,1
650,2_BITS,"(2, 0);(6, 6)",A5 01 00 7F 04 11 62 33 44 F9,1
651,2_BITS,"(2, 0);(6, 7)",A5 01 00 7F 04 11 A2 33 44 F9,1
652,2_BITS,"(2, 0);(7, 0)",A5 01 00 7F 04 11 22 32 44 F9,1
653,2_BITS,"(2, 0);(7, 1)",A5 01 00 7F 04 11 22 31 44 F9,1
654,2_BITS,"(2, 0);(7, 2)",A5 01 00 7F 04 11 22 37 44 F9,1
655,2_BITS,"(2, 0);(7, 3)",A5 01 00 7F 04 11 22 3B 44 F9,1
656,2_BITS,"(2, 0);(7, 4)",A5 01 00 7F 04 11 22 23 44 F9,1
657,2_BITS,"(2, 0);(7, 5)",A5 01 00 7F 04 11 22 13 44 F9,1
658,2_BITS,"(2, 0);(7, 6)",A5 01 00 7F 04 11 22 73 44 F9,1
659,2_BITS,"(2, 0);(7, 7)",A5 01 00 7F 04 11 22 B3 44 F9,1
660,2_BITS,"(2, 0);(8, 0)",A5 01 00 7F 04 11 22 33 45 F9,1
661,2_BITS,"(2, 0);(8, 1)",A5 01 00 7F 04 11 22 33 46 F9,1
662,2_BITS,"(2, 0);(8, 2)",A5 01 00 7F 04 11 22 33 40 F9,1
663,2_BITS,"(2, 0);(8, 3)",A5 01 00 7F 04 11 22 33 4C F9,1
664,2_BITS,"(2, 0);(8, 4)",A5 01 00 7F 04 11 22 33 54 F9,1
665,2_BITS,"(2, 0);(8, 5)",A5 01 00 7F 04 11 22 33 64 F9,1
666,2_BITS,"(2, 0);(8, 6)",A5 01 00 7F 04 11 22 33 04 F9,1
667,2_BITS,"(2, 0);(8, 7)",A5 01 00 7F 04 11 22 33 C4 F9,1
668,2_BITS,"(2, 0);(9, 0)",A5 01 00 7F 04 11 22 33 44 F8,1
669,2_BITS,"(2, 0);(9, 1)",A5 01 00 7F 04 11 22 33 44 FB,1
670,2_BITS,"(2, 0);(9, 2)",A5 01 00 7F 04 11 22 33 44 FD,1
671,2_BITS,"(2, 0);(9, 3)",A5 01 00 7F 04 11 22 33 44 F1,1
672,2_BITS,"(2, 0);(9, 4)",A5 01 00 7F 04 11 22 33 44 E9,1
673,2_BITS,"(2, 0);(9, 5)",A5 01 00 7F 04 11 22 33 44 D9,1
674,2_BITS,"(2, 0);(9, 6)",A5 01 00 7F 04 11 22 33 44 B9,1
675,2_BITS,"(2, 0);(9, 7)",A5 01 00 7F 04 11 22 33 44 79,1
676,2_BITS,"(2, 1);(2, 2)",A5 01 07 7F 04 11 22 33 44 F9,1
677,2_BITS,"(2, 1);(2, 3)",A5 01 0B 7F 04 11 22 33 44 F9,1
678,2_BITS,"(2, 1);(2, 4)",A5 01 13 7F 04 11 22 33 44 F9,1
679,2_BITS,"(2, 1);(2, 5)",A5 01 23 7F 04 11 22 33 44 F9,1
680,2_BITS,"(2, 1);(2, 6)",A5 01 43 7F 04 11 22 33 44 F9,1
681,2_BITS,"(2, 1);(2, 7)",A5 01 83 7F 04 11 22 33 44 F9,1
682,2_BITS,"(2, 1);(3, 0)",A5 01 03 7E 04 11 22 33 44 F9,1
683,2_BITS,"(2, 1);(3, 1)",A5 01 03 7D 04 11 22 33 44 F9,1
684,2_BITS,"(2, 1);(3, 2)",A5 01 03 7B 04 11 22 33 44 F9,1
685,2_BITS,"(2, 1);(3, 3)",A5 01 03 77 04 11 22 33 44 F9,1
686,2_BITS,"(2, 1);(3, 4)",A5 01 03 6F 04 11 22 33 44 F9,1
687,2_BITS,"(2, 1);(3, 5)",A5 01 03 5F 04 11 22 33 44 F9,1
688,2_BITS,"(2, 1);(3, 6)",A5 01 03 3F 04 11 22 33 44 F9,1
689,2_BITS,"(2, 1);(3, 7)",A5 01 03 FF 04 11 22 33 44 F9,1
690,2_BITS,"(2, 1);(4, 0)",A5 01 03 7F 05 11 22 33 44 F9,1
691,2_BITS,"(2, 1);(4, 1)",A5 01 03 7F 06 11 22 33 44 F9,1
692,2_BITS,"(2, 1);(4, 2)",A5 01 03 7F 00 11 22 33 44 F9,1
693,2_BITS,"(2, 1);(4, 3)",A5 01 03 7F 0C 11 22 33 44 F9,1
694,2_BITS,"(2, 1);(4, 4)",A5 01 03 7F 14 11 22 33 44 F9,1
695,2_BITS,"(2, 1);(4, 5)",A5 01 03 7F 24 11 22 33 44 F9,1
696,2_BITS,"(2, 1);(4, 6)",A5 01 03 7F 44 11 22 33 44 F9,1
697,2_BITS,"(2, 1);(4, 7)",A5 01 03 7F 84 11 22 33 44 F9,1
698,2_BITS,"(2, 1);(5, 0)",A5 01 03 7F 04 10 22 33 44 F9,1
699,2_BITS,"(2, 1);(5, 1)",A5 01 03 7F 04 13 22 33 44 F9,1
700,2_BITS,"(2, 1);(5, 2)",A5 01 03 7F 04 15 22 33 44 F9,1
701,2_BITS,"(2, 1);(5, 3)",A5 01 03 7F 04 19 22 33 44 F9,1
702,2_BITS,"(2, 1);(5, 4)",A5 01 03 7F 04 01 22 33 44 F9,1
703,2_BITS,"(2, 1);(5, 5)",A5 01 03 7F 04 31 22 33 44 F9,1
704,2_BITS,"(2, 1);(5, 6)",A5 01 03 7F 04 51 22 33 44 F9,1
705,2_BITS,"(2, 1);(5, 7)",A5 01 03 7F 04 91 22 33 44 F9,1
706,2_BITS,"(2, 1);(6, 0)",A5 01 03 7F 04 11 23 33 44 F9,1
707,2_BITS,"(2, 1);(6, 1)",A5 01 03 7F 04 11 20 33 44 F9,1
708,2_BITS,"(2, 1);(6, 2)",A5 01 03 7F 04 11 26 33 44 F9,1
709,2_BITS,"(2, 1);(6, 3)",A5 01 03 7F 04 11 2A 33 44 F9,1
710,2_BITS,"(2, 1);(6, 4)",A5 01 03 7F 04 11 32 33 44 F9,1
711,2_BITS,"(2, 1);(6, 5)",A5 01 03 7F 04 11 02 33 44 F9,1
712,2_BITS,"(2, 1);(6, 6)",A5 01 03 7F 04 11 62 33 44 F9,1
713,2_BITS,"(2, 1);(6, 7)",A5 01 03 7F 04 11 A2 33 44 F9,1
714,2_BITS,"(2, 1);(7, 0)",A5 01 03 7F 04 11 22 32 44 F9,1
715,2_BITS,"(2, 1);(7, 1)",A5 01 03 7F 04 11 22 31 44 F9,1
716,2_BITS,"(2, 1);(7, 2)",A5 01 03 7F 04 11 22 37 44 F9,1
717,2_BITS,"(2, 1);(7, 3)",A5 01 03 7F 04 11 22 3B 44 F9,1
718,2_BITS,"(2, 1);(7, 4)",A5 01 03 7F 04 11 22 23 44 F9,1
719,2_BITS,"(2, 1);(7, 5)",A5 01 03 7F 04 11 22 13 44 F9,1
720,2_BITS,"(2, 1);(7, 6)",A5 01 03 7F 04 11 22 73 44 F9,1
721,2_BITS,"(2, 1);(7, 7)",A5 01 03 7F 04 11 22 B3 44 F9,1
722,2_BITS,"(2, 1);(8, 0)",A5 01 03 7F 04 11 22 33 45 F9,1
723,2_BITS,"(2, 1);(8, 1)",A5 01 03 7F 04 11 22 33 46 F9,1
724,2_BITS,"(2, 1);(8, 2)",A5 01 03 7F 04 11 22 33 40 F9,1
725,2_BITS,"(2, 1);(8, 3)",A5 01 03 7F 04 11 22 33 4C F9,1
726,2_BITS,"(2, 1);(8, 4)",A5 01 03 7F 04 11 22 33 54 F9,1
727,2_BITS,"(2, 1);(8, 5)",A5 01 03 7F 04 11 22 33 64 F9,1
728,2_BITS,"(2, 1);(8, 6)",A5 01 03 7F 04 11 22 33 04 F9,1
729,2_BITS,"(2, 1);(8, 7)",A5 01 03 7F 04 11 22 33 C4 F9,1
730,2_BITS,"(2, 1);(9, 0)",A5 01 03 7F 04 11 22 33 44 F8,1
731,2_BITS,"(2, 1);(9, 1)",A5 01 03 7F 04 11 22 33 44 FB,1
732,2_BITS,"(2, 1);(9, 2)",A5 01 03 7F 04 11 22 33 44 FD,1
733,2_BITS,"(2, 1);(9, 3)",A5 01 03 7F 04 11 22 33 44 F1,1
734,2_BITS,"(2, 1);(9, 4)",A5 01 03 7F 04 11 22 33 44 E9,1
735,2_BITS,"(2, 1);(9, 5)",A5 01 03 7F 04 11 22 33 44 D9,1
736,2_BITS,"(2, 1);(9, 6)",A5 01 03 7F 04 11 22 33 44 B9,1
737,2_BITS,"(2, 1);(9, 7)",A5 01 03 7F 04 11 22 33 44 79,1
738,2_BITS,"(2, 2);(2, 3)",A5 01 0D 7F 04 11 22 33 44 F9,1
739,2_BITS,"(2, 2);(2, 4)",A5 01 15 7F 04 11 22 33 44 F9,1
740,2_BITS,"(2, 2);(2, 5)",A5 01 25 7F 04 11 22 33 44 F9,1
741,2_BITS,"(2, 2);(2, 6)",A5 01 45 7F 04 11 22 33 44 F9,1
742,2_BITS,"(2, 2);(2, 7)",A5 01 85 7F 04 11 22 33 44 F9,1
743,2_BITS,"(2, 2);(3, 0)",A5 01 05 7E 04 11 22 33 44 F9,1
744,2_BITS,"(2, 2);(3, 1)",A5 01 05 7D 04 11 22 33 44 F9,1
745,2_BITS,"(2, 2);(3, 2)",A5 01 05 7B 04 11 22 33 44 F9,1
746,2_BITS,"(2, 2);(3, 3)",A5 01 05 77 04 11 22 33 44 F9,1
747,2_BITS,"(2, 2);(3, 4)",A5 01 05 6F 04 11 22 33 44 F9,1
748,2_BITS,"(2, 2);(3, 5)",A5 01 05 5F 04 11 22 33 44 F9,1
749,2_BITS,"(2, 2);(3, 6)",A5 01 05 3F 04 11 22 33 44 F9,1
750,2_BITS,"(2, 2);(3, 7)",A5 01 05 FF 04 11 22 33 44 F9,1
751,2_BITS,"(2, 2);(4, 0)",A5 01 05 7F 05 11 22 33 44 F9,1
752,2_BITS,"(2, 2);(4, 1)",A5 01 05 7F 06 11 22 33 44 F9,1
753,2_BITS,"(2, 2);(4, 2)",A5 01 05 7F 00 11 22 33 44 F9,1
754,2_BITS,"(2, 2);(4, 3)",A5 01 05 7F 0C 11 22 33 44 F9,1
755,2_BITS,"(2, 2);(4, 4)",A5 01 05 7F 14 11 22 33 44 F9,1
756,2_BITS,"(2, 2);(4, 5)",A5 01 05 7F 24 11 22 33 44 F9,1
757,2_BITS,"(2, 2);(4, 6)",A5 01 05 7F 44 11 22 33 44 F9,1
758,2_BITS,"(2, 2);(4, 7)",A5 01 05 7F 84 11 22 33 44 F9,1
759,2_BITS,"(2, 2);(5, 0)",A5 01 05 7F 04 10 22 33 44 F9,1
760,2_BITS,"(2, 2);(5, 1)",A5 01 05 7F 04 13 22 33 44 F9,1
761,2_BITS,"(2, 2);(5, 2)",A5 01 05 7F 04 15 22 33 44 F9,1
762,2_BITS,"(2, 2);(5, 3)",A5 01 05 7F 04 19 22 33 44 F9,1
763,2_BITS,"(2, 2);(5, 4)",A5 01 05 7F 04 01 22 33 44 F9,1
764,2_BITS,"(2, 2);(5, 5)",A5 01 05 7F 04 31 22 33 44 F9,1
765,2_BITS,"(2, 2);(5, 6)",A5 01 05 7F 04 51 22 33 44 F9,1
766,2_BITS,"(2, 2);(5, 7)",A5 01 05 7F 04 91 22 33 44 F9,1
767,2_BITS,"(2, 2);(6, 0)",A5 01 05 7F 04 11 23 33 44 F9,1
768,2_BITS,"(2, 2);(6, 1)",A5 01 05 7F 04 11 20 33 44 F9,1
769,2_BITS,"(2, 2);(6, 2)",A5 01 05 7F 04 11 26 33 44 F9,1
770,2_BITS,"(2, 2);(6, 3)",A5 01 05 7F 04 11 2A 33 44 F9,1
771,2_BITS,"(2, 2);(6, 4)",A5 01 05 7F 04 11 32 33 44 F9,1
772,2_BITS,"(2, 2);(6, 5)",A5 01 05 7F 04 11 02 33 44 F9,1
773,2_BITS,"(2, 2);(6, 6)",A5 01 05 7F 04 11 62 33 44 F9,1
774,2_BITS,"(2, 2);(6, 7)",A5 01 05 7F 04 11 A2 33 44 F9,1
775,2_BITS,"(2, 2);(7, 0)",A5 01 05 7F 04 11 22 32 44 F9,1
776,2_BITS,"(2, 2);(7, 1)",A5 01 05 7F 04 11 22 31 44 F9,1
777,2_BITS,"(2, 2);(7, 2)",A5 01 05 7F 04 11 22 37 44 F9,1
778,2_BITS,"(2, 2);(7, 3)",A5 01 05 7F 04 11 22 3B 44 F9,1
779,2_BITS,"(2, 2);(7, 4)",A5 01 05 7F 04 11 22 23 44 F9,1
780,2_BITS,"(2, 2);(7, 5)",A5 01 05 7F 04 11 22 13 44 F9,1
781,2_BITS,"(2, 2);(7, 6)",A5 01 05 7F 04 11 22 73 44 F9,1
782,2_BITS,"(2, 2);(7, 7)",A5 01 05 7F 04 11 22 B3 44 F9,1
783,2_BITS,"(2, 2);(8, 0)",A5 01 05 7F 04 11 22 33 45 F9,1
784,2_BITS,"(2, 2);(8, 1)",A5 01 05 7F 04 11 22 33 46 F9,1
785,2_BITS,"(2, 2);(8, 2)",A5 01 05 7F 04 11 22 33 40 F9,1
786,2_BITS,"(2, 2);(8, 3)",A5 01 05 7F 04 11 22 33 4C F9,1
787,2_BITS,"(2, 2);(8, 4)",A5 01 05 7F 04 11 22 33 54 F9,1
788,2_BITS,"(2, 2);(8, 5)",A5 01 05 7F 04 11 22 33 64 F9,1
789,2_BITS,"(2, 2);(8, 6)",A5 01 05 7F 04 11 22 33 04 F9,1
790,2_BITS,"(2, 2);(8, 7)",A5 01 05 7F 04 11 22 33 C4 F9,1
791,2_BITS,"(2, 2);(9, 0)",A5 01 05 7F 04 11 22 33 44 F8,1
792,2_BITS,"(2, 2);(9, 1)",A5 01 05 7F 04 11 22 33 44 FB,1
793,2_BITS,"(2, 2);(9, 2)",A5 01 05 7F 04 11 22 33 44 FD,1
794,2_BITS,"(2, 2);(9, 3)",A5 01 05 7F 04 11 22 33 44 F1,1
795,2_BITS,"(2, 2);(9, 4)",A5 01 05 7F 04 11 22 33 44 E9,1
796,2_BITS,"(2, 2);(9, 5)",A5 01 05 7F 04 11 22 33 44 D9,1
797,2_BITS,"(2, 2);(9, 6)",A5 01 05 7F 04 11 22 33 44 B9,1
798,2_BITS,"(2, 2);(9, 7)",A5 01 05 7F 04 11 22 33 44 79,1
799,2_BITS,"(2, 3);(2, 4)",A5 01 19 7F 04 11 22 33 44 F9,1
800,2_BITS,"(2, 3);(2, 5)",A5 01 29 7F 04 11 22 33 44 F9,1
801,2_BITS,"(2, 3);(2, 6)",A5 01 49 7F 04 11 22 33 44 F9,1
802,2_BITS,"(2, 3);(2, 7)",A5 01 89 7F 04 11 22 33 44 F9,1
803,2_BITS,"(2, 3);(3, 0)",A5 01 09 7E 04 11 22 33 44 F9,1
804,2_BITS,"(2, 3);(3, 1)",A5 01 09 7D 04 11 22 33 44 F9,1
805,2_BITS,"(2, 3);(3, 2)",A5 01 09 7B 04 11 22 33 44 F9,1
806,2_BITS,"(2, 3);(3, 3)",A5 01 09 77 04 11 22 33 44 F9,1
807,2_BITS,"(2, 3);(3, 4)",A5 01 09 6F 04 11 22 33 44 F9,1
808,2_BITS,"(2, 3);(3, 5)",A5 01 09 5F 04 11 22 33 44 F9,1
809,2_BITS,"(2, 3);(3, 6)",A5 01 09 3F 04 11 22 33 44 F9,1
810,2_BITS,"(2, 3);(3, 7)",A5 01 09 FF 04 11 22 33 44 F9,1
811,2_BITS,"(2, 3);(4, 0)",A5 01 09 7F 05 11 22 33 44 F9,1
812,2_BITS,"(2, 3);(4, 1)",A5 01 09 7F 06 11 22 33 44 F9,1
813,2_BITS,"(2, 3);(4, 2)",A5 01 09 7F 00 11 22 33 44 F9,1
814,2_BITS,"(2, 3);(4, 3)",A5 01 09 7F 0C 11 22 33 44 F9,1
815,2_BITS,"(2, 3);(4, 4)",A5 01 09 7F 14 11 22 33 44 F9,1
816,2_BITS,"(2, 3);(4, 5)",A5 01 09 7F 24 11 22 33 44 F9,1
817,2_BITS,"(2, 3);(4, 6)",A5 01 09 7F 44 11 22 33 44 F9,1
818,2_BITS,"(2, 3);(4, 7)",A5 01 09 7F 84 11 22 33 44 F9,1
819,2_BITS,"(2, 3);(5, 0)",A5 01 09 7F 04 10 22 33 44 F9,1
820,2_BITS,"(2, 3);(5, 1)",A5 01 09 7F 04 13 22 33 44 F9,1
821,2_BITS,"(2, 3);(5, 2)",A5 01 09 7F 04 15 22 33 44 F9,1
822,2_BITS,"(2, 3);(5, 3)",A5 01 09 7F 04 19 22 33 44 F9,1
823,2_BITS,"(2, 3);(5, 4)",A5 01 09 7F 04 01 22 33 44 F9,1
824,2_BITS,"(2, 3);(5, 5)",A5 01 09 7F 04 31 22 33 44 F9,1
825,2_BITS,"(2, 3);(5, 6)",A5 01 09 7F 04 51 22 33 44 F9,1
826,2_BITS,"(2, 3);(5, 7)",A5 01 09 7F 04 91 22 33 44 F9,1
827,2_BITS,"(2, 3);(6, 0)",A5 01 09 7F 04 11 23 33 44 F9,1
828,2_BITS,"(2, 3);(6, 1)",A5 01 09 7F 04 11 20 33 44 F9,1
829,2_BITS,"(2, 3);(6, 2)",A5 01 09 7F 04 11 26 33 44 F9,1
830,2_BITS,"(2, 3);(6, 3)",A5 01 09 7F 04 11 2A 33 44 F9,1
831,2_BITS,"(2, 3);(6, 4)",A5 01 09 7F 04 11 32 33 44 F9,1
832,2_BITS,"(2, 3);(6, 5)",A5 01 09 7F 04 11 02 33 44 F9,1
833,2_BITS,"(2, 3);(6, 6)",A5 01 09 7F 04 11 62 33 44 F9,1
834,2_BITS,"(2, 3);(6, 7)",A5 01 09 7F 04 11 A2 33 44 F9,1
835,2_BITS,"(2, 3);(7, 0)",A5 01 09 7F 04 11 22 32 44 F9,1
836,2_BITS,"(2, 3);(7, 1)",A5 01 09 7F 04 11 22 31 44 F9,1
837,2_BITS,"(2, 3);(7, 2)",A5 01 09 7F 04 11 22 37 44 F9,1
838,2_BITS,"(2, 3);(7, 3)",A5 01 09 7F 04 11 22 3B 44 F9,1
839,2_BITS,"(2, 3);(7, 4)",A5 01 09 7F 04 11 22 23 44 F9,1
840,2_BITS,"(2, 3);(7, 5)",A5 01 09 7F 04 11 22 13 44 F9,1
841,2_BITS,"(2, 3);(7, 6)",A5 01 09 7F 04 11 22 73 44 F9,1
842,2_BITS,"(2, 3);(7, 7)",A5 01 09 7F 04 11 22 B3 44 F9,1
843,2_BITS,"(2, 3);(8, 0)",A5 01 09 7F 04 11 22 33 45 F9,1
844,2_BITS,"(2, 3);(8, 1)",A5 01 09 7F 04 11 22 33 46 F9,1
845,2_BITS,"(2, 3);(8, 2)",A5 01 09 7F 04 11 22 33 40 F9,1
846,2_BITS,"(2, 3);(8, 3)",A5 01 09 7F 04 11 22 33 4C F9,1
847,2_BITS,"(2, 3);(8, 4)",A5 01 09 7F 04 11 22 33 54 F9,1
848,2_BITS,"(2, 3);(8, 5)",A5 01 09 7F 04 11 22 33 64 F9,1
849,2_BITS,"(2, 3);(8, 6)",A5 01 09 7F 04 11 22 33 04 F9,1
850,2_BITS,"(2, 3);(8, 7)",A5 01 09 7F 04 11 22 33 C4 F9,1
851,2_BITS,"(2, 3);(9, 0)",A5 01 09 7F 04 11 22 33 44 F8,1
852,2_BITS,"(2, 3);(9, 1)",A5 01 09 7F 04 11 22 33 44 FB,1
853,2_BITS,"(2, 3);(9, 2)",A5 01 09 7F 04 11 22 33 44 FD,1
854,2_BITS,"(2, 3);(9, 3)",A5 01 09 7F 04 11 22 33 44 F1,1
855,2_BITS,"(2, 3);(9, 4)",A5 01 09 7F 04 11 22 33 44 E9,1
856,2_BITS,"(2, 3);(9, 5)",A5 01 09 7F 04 11 22 33 44 D9,1
857,2_BITS,"(2, 3);(9, 6)",A5 01 09 7F 04 11 22 33 44 B9,1
858,2_BITS,"(2, 3);(9, 7)",A5 01 09 7F 04 11 22 33 44 79,1
859,2_BITS,"(2, 4);(2, 5)",A5 01 31 7F 04 11 22 33 44 F9,1
860,2_BITS,"(2, 4);(2, 6)",A5 01 51 7F 04 11 22 33 44 F9,1
861,2_BITS,"(2, 4);(2, 7)",A5 01 91 7F 04 11 22 33 44 F9,1
862,2_BITS,"(2, 4);(3, 0)",A5 01 11 7E 04 11 22 33 44 F9,1
863,2_BITS,"(2, 4);(3, 1)",A5 01 11 7D 04 11 22 33 44 F9,1
864,2_BITS,"(2, 4);(3, 2)",A5 01 11 7B 04 11 22 33 44 F9,1
865,2_BITS,"(2, 4);(3, 3)",A5 01 11 77 04 11 22 33 44 F9,1
866,2_BITS,"(2, 4);(3, 4)",A5 01 11 6F 04 11 22 33 44 F9,1
867,2_BITS,"(2, 4);(3, 5)",A5 01 11 5F 04 11 22 33 44 F9,1
868,2_BITS,"(2, 4);(3, 6)",A5 01 11 3F 04 11 22 33 44 F9,1
869,2_BITS,"(2, 4);(3, 7)",A5 01 11 FF 04 11 22 33 44 F9,1
870,2_BITS,"(2, 4);(4, 0)",A5 01 11 7F 05 11 22 33 44 F9,1
871,2_BITS,"(2, 4);(4, 1)",A5 01 11 7F 06 11 22 33 44 F9,1
872,2_BITS,"(2, 4);(4, 2)",A5 01 11 7F 00 11 22 33 44 F9,1
873,2_BITS,"(2, 4);(4, 3)",A5 01 11 7F 0C 11 22 33 44 F9,1
874,2_BITS,"(2, 4);(4, 4)",A5 01 11 7F 14 11 22 33 44 F9,1
875,2_BITS,"(2, 4);(4, 5)",A5 01 11 7F 24 11 22 33 44 F9,1
876,2_BITS,"(2, 4);(4, 6)",A5 01 11 7F 44 11 22 33 44 F9,1
877,2_BITS,"(2, 4);(4, 7)",A5 01 11 7F 84 11 22 33 44 F9,1
878,2_BITS,"(2, 4);(5, 0)",A5 01 11 7F 04 10 22 33 44 F9,1
879,2_BITS,"(2, 4);(5, 1)",A5 01 11 7F 04 13 22 33 44 F9,1
880,2_BITS,"(2, 4);(5, 2)",A5 01 11 7F 04 15 22 33 44 F9,1
881,2_BITS,"(2, 4);(5, 3)",A5 01 11 7F 04 19 22 33 44 F9,1
882,2_BITS,"(2, 4);(5, 4)",A5 01 11 7F 04 01 22 33 44 F9,1
883,2_BITS,"(2, 4);(5, 5)",A5 01 11 7F 04 31 22 33 44 F9,1
884,2_BITS,"(2, 4);(5, 6)",A5 01 11 7F 04 51 22 33 44 F9,1
885,2_BITS,"(2, 4);(5, 7)",A5 01 11 7F 04 91 22 33 44 F9,1
886,2_BITS,"(2, 4);(6, 0)",A5 01 11 7F 04 11 23 33 44 F9,1
887,2_BITS,"(2, 4);(6, 1)",A5 01 11 7F 04 11 20 33 44 F9,1
888,2_BITS,"(2, 4);(6, 2)",A5 01 11 7F 04 11 26 33 44 F9,1
889,2_BITS,"(2, 4);(6, 3)",A5 01 11 7F 04 11 2A 33 44 F9,1
890,2_BITS,"(2, 4);(6, 4)",A5 01 11 7F 04 11 32 33 44 F9,1
891,2_BITS,"(2, 4);(6, 5)",A5 01 11 7F 04 11 02 33 44 F9,1
892,2_BITS,"(2, 4);(6, 6)",A5 01 11 7F 04 11 62 33 44 F9,1
893,2_BITS,"(2, 4);(6, 7)",A5 01 11 7F 04 11 A2 33 44 F9,1
894,2_BITS,"(2, 4);(7, 0)",A5 01 11 7F 04 11 22 32 44 F9,1
895,2_BITS,"(2, 4);(7, 1)",A5 01 11 7F 04 11 22 31 44 F9,1
896,2_BITS,"(2, 4);(7, 2)",A5 01 11 7F 04 11 22 37 44 F9,1
897,2_BITS,"(2, 4);(7, 3)",A5 01 11 7F 04 11 22 3B 44 F9,1
898,2_BITS,"(2, 4);(7, 4)",A5 01 11 7F 04 11 22 23 44 F9,1
899,2_BITS,"(2, 4);(7, 5)",A5 01 11 7F 04 11 22 13 44 F9,1
900,2_BITS,"(2, 4);(7, 6)",A5 01 11 7F 04 11 22 73 44 F9,1
901,2_BITS,"(2, 4);(7, 7)",A5 01 11 7F 04 11 22 B3 44 F9,1
902,2_BITS,"(2, 4);(8, 0)",A5 01 11 7F 04 11 22 33 45 F9,1
903,2_BITS,"(2, 4);(8, 1)",A5 01 11 7F 04 11 22 33 46 F9,1
904,2_BITS,"(2, 4);(8, 2)",A5 01 11 7F 04 11 22 33 40 F9,1
905,2_BITS,"(2, 4);(8, 3)",A5 01 11 7F 04 11 22 33 4C F9,1
906,2_BITS,"(2, 4);(8, 4)",A5 01 11 7F 04 11 22 33 54 F9,1
907,2_BITS,"(2, 4);(8, 5)",A5 01 11 7F 04 11 22 33 64 F9,1
908,2_BITS,"(2, 4);(8, 6)",A5 01 11 7F 04 11 22 33 04 F9,1
909,2_BITS,"(2, 4);(8, 7)",A5 01 11 7F 04 11 22 33 C4 F9,1
910,2_BITS,"(2, 4);(9, 0)",A5 01 11 7F 04 11 22 33 44 F8,1
911,2_BITS,"(2, 4);(9, 1)",A5 01 11 7F 04 11 22 33 44 FB,1
912,2_BITS,"(2, 4);(9, 2)",A5 01 11 7F 04 11 22 33 44 FD,1
913,2_BITS,"(2, 4);(9, 3)",A5 01 11 7F 04 11 22 33 44 F1,1
914,2_BITS,"(2, 4);(9, 4)",A5 01 11 7F 04 11 22 33 44 E9,1
915,2_BITS,"(2, 4);(9, 5)",A5 01 11 7F 04 11 22 33 44 D9,1
916,2_BITS,"(2, 4);(9, 6)",A5 01 11 7F 04 11 22 33 44 B9,1
917,2_BITS,"(2, 4);(9, 7)",A5 01 11 7F 04 11 22 33 44 79,1
918,2_BITS,"(2, 5);(2, 6)",A5 01 61 7F 04 11 22 33 44 F9,1
919,2_BITS,"(2, 5);(2, 7)",A5 01 A1 7F 04 11 22 33 44 F9,1
920,2_BITS,"(2, 5);(3, 0)",A5 01 21 7E 04 11 22 33 44 F9,1
921,2_BITS,"(2, 5);(3, 1)",A5 01 21 7D 04 11 22 33 44 F9,1
922,2_BITS,"(2, 5);(3, 2)",A5 01 21 7B 04 11 22 33 44 F9,1
923,2_BITS,"(2, 5);(3, 3)",A5 01 21 77 04 11 22 33 44 F9,1
924,2_BITS,"(2, 5);(3, 4)",A5 01 21 6F 04 11 22 33 44 F9,1
925,2_BITS,"(2, 5);(3, 5)",A5 01 21 5F 04 11 22 33 44 F9,1
926,2_BITS,"(2, 5);(3, 6)",A5 01 21 3F 04 11 22 33 44 F9,1
927,2_BITS,"(2, 5);(3, 7)",A5 01 21 FF 04 11 22 33 44 F9,1
928,2_BITS,"(2, 5);(4, 0)",A5 01 21 7F 05 11 22 33 44 F9,1
929,2_BITS,"(2, 5);(4, 1)",A5 01 21 7F 06 11 22 33 44 F9,1
930,2_BITS,"(2, 5);(4, 2)",A5 01 21 7F 00 11 22 33 44 F9,1
931,2_BITS,"(2, 5);(4, 3)",A5 01 21 7F 0C 11 22 33 44 F9,1
932,2_BITS,"(2, 5);(4, 4)",A5 01 21 7F 14 11 22 33 44 F9,1
933,2_BITS,"(2, 5);(4, 5)",A5 01 21 7F 24 11 22 33 44 F9,1
934,2_BITS,"(2, 5);(4, 6)",A5 01 21 7F 44 11 22 33 44 F9,1
935,2_BITS,"(2, 5);(4, 7)",A5 01 21 7F 84 11 22 33 44 F9,1
936,2_BITS,"(2, 5);(5, 0)",A5 01 21 7F 04 10 22 33 44 F9,1
937,2_BITS,"(2, 5);(5, 1)",A5 01 21 7F 04 13 22 33 44 F9,1
938,2_BITS,"(2, 5);(5, 2)",A5 01 21 7F 04 15 22 33 44 F9,1
939,2_BITS,"(2, 5);(5, 3)",A5 01 21 7F 04 19 22 33 44 F9,1
940,2_BITS,"(2, 5);(5, 4)",A5 01 21 7F 04 01 22 33 44 F9,1
941,2_BITS,"(2, 5);(5, 5)",A5 01 21 7F 04 31 22 33 44 F9,1
942,2_BITS,"(2, 5);(5, 6)",A5 01 21 7F 04 51 22 33 44 F9,1
943,2_BITS,"(2, 5);(5, 7)",A5 01 21 7F 04 91 22 33 44 F9,1
944,2_BITS,"(2, 5);(6, 0)",A5 01 21 7F 04 11 23 33 44 F9,1
945,2_BITS,"(2, 5);(6, 1)",A5 01 21 7F 04 11 20 33 44 F9,1
946,2_BITS,"(2, 5);(6, 2)",A5 01 21 7F 04 11 26 33 44 F9,1
947,2_BITS,"(2, 5);(6, 3)",A5 01 21 7F 04 11 2A 33 44 F9,1
948,2_BITS,"(2, 5);(6, 4)",A5 01 21 7F 04 11 32 33 44 F9,1
949,2_BITS,"(2, 5);(6, 5)",A5 01 21 7F 04 11 02 33 44 F9,1
950,2_BITS,"(2, 5);(6, 6)",A5 01 21 7F 04 11 62 33 44 F9,1
951,2_BITS,"(2, 5);(6, 7)",A5 01 21 7F 04 11 A2 33 44 F9,1
952,2_BITS,"(2, 5);(7, 0)",A5 01 21 7F 04 11 22 32 44 F9,1
953,2_BITS,"(2, 5);(7, 1)",A5 01 21 7F 04 11 22 31 44 F9,1
954,2_BITS,"(2, 5);(7, 2)",A5 01 21 7F 04 11 22 37 44 F9,1
955,2_BITS,"(2, 5);(7, 3)",A5 01 21 7F 04 11 22 3B 44 F9,1
956,2_BITS,"(2, 5);(7, 4)",A5 01 21 7F 04 11 22 23 44 F9,1
957,2_BITS,"(2, 5);(7, 5)",A5 01 21 7F 04 11 22 13 44 F9,1
958,2_BITS,"(2, 5);(7, 6)",A5 01 21 7F 04 11 22 73 44 F9,1
959,2_BITS,"(2, 5);(7, 7)",A5 01 21 7F 04 11 22 B3 44 F9,1
960,2_BITS,"(2, 5);(8, 0)",A5 01 21 7F 04 11 22 33 45 F9,1
961,2_BITS,"(2, 5);(8, 1)",A5 01 21 7F 04 11 22 33 46 F9,1
962,2_BITS,"(2, 5);(8, 2)",A5 01 21 7F 04 11 22 33 40 F9,1
963,2_BITS,"(2, 5);(8, 3)",A5 01 21 7F 04 11 22 33 4C F9,1
964,2_BITS,"(2, 5);(8, 4)",A5 01 21 7F 04 11 22 33 54 F9,1
965,2_BITS,"(2, 5);(8, 5)",A5 01 21 7F 04 11 22 33 64 F9,1
966,2_BITS,"(2, 5);(8, 6)",A5 01 21 7F 04 11 22 33 04 F9,1
967,2_BITS,"(2, 5);(8, 7)",A5 01 21 7F 04 11 22 33 C4 F9,1
968,2_BITS,"(2, 5);(9, 0)",A5 01 21 7F 04 11 22 33 44 F8,1
969,2_BITS,"(2, 5);(9, 1)",A5 01 21 7F 04 11 22 33 44 FB,1
970,2_BITS,"(2, 5);(9, 2)",A5 01 21 7F 04 11 22 33 44 FD,1
971,2_BITS,"(2, 5);(9, 3)",A5 01 21 7F 04 11 22 33 44 F1,1
972,2_BITS,"(2, 5);(9, 4)",A5 01 21 7F 04 11 22 33 44 E9,1
973,2_BITS,"(2, 5);(9, 5)",A5 01 21 7F 04 11 22 33 44 D9,1
974,2_BITS,"(2, 5);(9, 6)",A5 01 21 7F 04 11 22 33 44 B9,1
975,2_BITS,"(2, 5);(9, 7)",A5 01 21 7F 04 11 22 33 44 79,1
976,2_BITS,"(2, 6);(2, 7)",A5 01 C1 7F 04 11 22 33 44 F9,1
977,2_BITS,"(2, 6);(3, 0)",A5 01 41 7E 04 11 22 33 44 F9,1
978,2_BITS,"(2, 6);(3, 1)",A5 01 41 7D 04 11 22 33 44 F9,1
979,2_BITS,"(2, 6);(3, 2)",A5 01 41 7B 04 11 22 33 44 F9,1
980,2_BITS,"(2, 6);(3, 3)",A5 01 41 77 04 11 22 33 44 F9,1
981,2_BITS,"(2, 6);(3, 4)",A5 01 41 6F 04 11 22 33 44 F9,1
982,2_BITS,"(2, 6);(3, 5)",A5 01 41 5F 04 11 22 33 44 F9,1
983,2_BITS,"(2, 6);(3, 6)",A5 01 41 3F 04 11 22 33 44 F9,1
984,2_BITS,"(2, 6);(3, 7)",A5 01 41 FF 04 11 22 33 44 F9,1
985,2_BITS,"(2, 6);(4, 0)",A5 01 41 7F 05 11 22 33 44 F9,1
986,2_BITS,"(2, 6);(4, 1)",A5 01 41 7F 06 11 22 33 44 F9,1
987,2_BITS,"(2, 6);(4, 2)",A5 01 41 7F 00 11 22 33 44 F9,1
988,2_BITS,"(2, 6);(4, 3)",A5 01 41 7F 0C 11 22 33 44 F9,1
989,2_BITS,"(2, 6);(4, 4)",A5 01 41 7F 14 11 22 33 44 F9,1
990,2_BITS,"(2, 6);(4, 5)",A5 01 41 7F 24 11 22 33 44 F9,1
991,2_BITS,"(2, 6);(4, 6)",A5 01 41 7F 44 11 22 33 44 F9,1
992,2_BITS,"(2, 6);(4, 7)",A5 01 41 7F 84 11 22 33 44 F9,1
993,2_BITS,"(2, 6);(5, 0)",A5 01 41 7F 04 10 22 33 44 F9,1
994,2_BITS,"(2, 6);(5, 1)",A5 01 41 7F 04 13 22 33 44 F9,1
995,2_BITS,"(2, 6);(5, 2)",A5 01 41 7F 04 15 22 33 44 F9,1
996,2_BITS,"(2, 6);(5, 3)",A5 01 41 7F 04 19 22 33 44 F9,1
997,2_BITS,"(2, 6);(5, 4)",A5 01 41 7F 04 01 22 33 44 F9,1
998,2_BITS,"(2, 6);(5, 5)",A5 01 41 7F 04 31 22 33 44 F9,1
999,2_BITS,"(2, 6);(5, 6)",A5 01 41 7F 04 51 22 33 44 F9,1
1000,2_BITS,"(2, 6);(5, 7)",A5 01 41 7F 04 91 22 33 44 F9,1
1001,2_BITS,"(2, 6);(6, 0)",A5 01 41 7F 04 11 23 33 44 F9,1
1002,2_BITS,"(2, 6);(6, 1)",A5 01 41 7F 04 11 20 33 44 F9,1
1003,2_BITS,"(2, 6);(6, 2)",A5 01 41 7F 04 11 26 33 44 F9,1
1004,2_BITS,"(2, 6);(6, 3)",A5 01 41 7F 04 11 2A 33 44 F9,1
1005,2_BITS,"(2, 6);(6, 4)",A5 01 41 7F 04 11 32 33 44 F9,1
1006,2_BITS,"(2, 6);(6, 5)",A5 01 41 7F 04 11 02 33 44 F9,1
1007,2_BITS,"(2, 6);(6, 6)",A5 01 41 7F 04 11 62 33 44 F9,1
1008,2_BITS,"(2, 6);(6, 7)",A5 01 41 7F 04 11 A2 33 44 F9,1
1009,2_BITS,"(2, 6);(7, 0)",A5 01 41 7F 04 11 22 32 44 F9,1
1010,2_BITS,"(2, 6);(7, 1)",A5 01 41 7F 04 11 22 31 44 F9,1
1011,2_BITS,"(2, 6);(7, 2)",A5 01 41 7F 04 11 22 37 44 F9,1
1012,2_BITS,"(2, 6);(7, 3)",A5 01 41 7F 04 11 22 3B 44 F9,1
1013,2_BITS,"(2, 6);(7, 4)",A5 01 41 7F 04 11 22 23 44 F9,1
1014,2_BITS,"(2, 6);(7, 5)",A5 01 41 7F 04 11 22 13 44 F9,1
1015,2_BITS,"(2, 6);(7, 6)",A5 01 41 7F 04 11 22 73 44 F9,1
1016,2_BITS,"(2, 6);(7, 7)",A5 01 41 7F 04 11 22 B3 44 F9,1
1017,2_BITS,"(2, 6);(8, 0)",A5 01 41 7F 04 11 22 33 45 F9,1
1018,2_BITS,"(2, 6);(8, 1)",A5 01 41 7F 04 11 22 33 46 F9,1
1019,2_BITS,"(2, 6);(8, 2)",A5 01 41 7F 04 11 22 33 40 F9,1
1020,2_BITS,"(2, 6);(8, 3)",A5 01 41 7F 04 11 22 33 4C F9,1
1021,2_BITS,"(2, 6);(8, 4)",A5 01 41 7F 04 11 22 33 54 F9,1
1022,2_BITS,"(2, 6);(8, 5)",A5 01 41 7F 04 11 22 33 64 F9,1
1023,2_BITS,"(2, 6);(8, 6)",A5 01 41 7F 04 11 22 33 04 F9,1
1024,2_BITS,"(2, 6);(8, 7)",A5 01 41 7F 04 11 22 33 C4 F9,1
1025,2_BITS,"(2, 6);(9, 0)",A5 01 41 7F 04 11 22 33 44 F8,1
1026,2_BITS,"(2, 6);(9, 1)",A5 01 41 7F 04 11 22 33 44 FB,1
1027,2_BITS,"(2, 6);(9, 2)",A5 01 41 7F 04 11 22 33 44 FD,1
1028,2_BITS,"(2, 6);(9, 3)",A5 01 41 7F 04 11 22 33 44 F1,1
1029,2_BITS,"(2, 6);(9, 4)",A5 01 41 7F 04 11 22 33 44 E9,1
1030,2_BITS,"(2, 6);(9, 5)",A5 01 41 7F 04 11 22 33 44 D9,1
1031,2_BITS,"(2, 6);(9, 6)",A5 01 41 7F 04 11 22 33 44 B9,1
1032,2_BITS,"(2, 6);(9, 7)",A5 01 41 7F 04 11 22 33 44 79,1
1033,2_BITS,"(2, 7);(3, 0)",A5 01 81 7E 04 11 22 33 44 F9,1
1034,2_BITS,"(2, 7);(3, 1)",A5 01 81 7D 04 11 22 33 44 F9,1
1035,2_BITS,"(2, 7);(3, 2)",A5 01 81 7B 04 11 22 33 44 F9,1
1036,2_BITS,"(2, 7);(3, 3)",A5 01 81 77 04 11 22 33 44 F9,1
1037,2_BITS,"(2, 7);(3, 4)",A5 01 81 6F 04 11 22 33 44 F9,1
1038,2_BITS,"(2, 7);(3, 5)",A5 01 81 5F 04 11 22 33 44 F9,1
1039,2_BITS,"(2, 7);(3, 6)",A5 01 81 3F 04 11 22 33 44 F9,1
1040,2_BITS,"(2, 7);(3, 7)",A5 01 81 FF 04 11 22 33 44 F9,1
1041,2_BITS,"(2, 7);(4, 0)",A5 01 81 7F 05 11 22 33 44 F9,1
1042,2_BITS,"(2, 7);(4, 1)",A5 01 81 7F 06 11 22 33 44 F9,1
1043,2_BITS,"(2, 7);(4, 2)",A5 01 81 7F 00 11 22 33 44 F9,1
1044,2_BITS,"(2, 7);(4, 3)",A5 01 81 7F 0C 11 22 33 44 F9,1
1045,2_BITS,"(2, 7);(4, 4)",A5 01 81 7F 14 11 22 33 44 F9,1
1046,2_BITS,"(2, 7);(4, 5)",A5 01 81 7F 24 11 22 33 44 F9,1
1047,2_BITS,"(2, 7);(4, 6)",A5 01 81 7F 44 11 22 33 44 F9,1
1048,2_BITS,"(2, 7);(4, 7)",A5 01 81 7F 84 11 22 33 44 F9,1
1049,2_BITS,"(2, 7);(5, 0)",A5 01 81 7F 04 10 22 33 44 F9,1
1050,2_BITS,"(2, 7);(5, 1)",A5 01 81 7F 04 13 22 33 44 F9,1
1051,2_BITS,"(2, 7);(5, 2)",A5 01 81 7F 04 15 22 33 44 F9,1
1052,2_BITS,"(2, 7);(5, 3)",A5 01 81 7F 04 19 22 33 44 F9,1
1053,2_BITS,"(2, 7);(5, 4)",A5 01 81 7F 04 01 22 33 44 F9,1
1054,2_BITS,"(2, 7);(5, 5)",A5 01 81 7F 04 31 22 33 44 F9,1
1055,2_BITS,"(2, 7);(5, 6)",A5 01 81 7F 04 51 22 33 44 F9,1
1056,2_BITS,"(2, 7);(5, 7)",A5 01 81 7F 04 91 22 33 44 F9,1
1057,2_BITS,"(2, 7);(6, 0)",A5 01 81 7F 04 11 23 33 44 F9,1
1058,2_BITS,"(2, 7);(6, 1)",A5 01 81 7F 04 11 20 33 44 F9,1
1059,2_BITS,"(2, 7);(6, 2)",A5 01 81 7F 04 11 26 33 44 F9,1
1060,2_BITS,"(2, 7);(6, 3)",A5 01 81 7F 04 11 2A 33 44 F9,1
1061,2_BITS,"(2, 7);(6, 4)",A5 01 81 7F 04 11 32 33 44 F9,1
1062,2_BITS,"(2, 7);(6, 5)",A5 01 81 7F 04 11 02 33 44 F9,1
1063,2_BITS,"(2, 7);(6, 6)",A5 01 81 7F 04 11 62 33 44 F9,1
1064,2_BITS,"(2, 7);(6, 7)",A5 01 81 7F 04 11 A2 33 44 F9,1
1065,2_BITS,"(2, 7);(7, 0)",A5 01 81 7F 04 11 22 32 44 F9,1
1066,2_BITS,"(2, 7);(7, 1)",A5 01 81 7F 04 11 22 31 44 F9,1
1067,2_BITS,"(2, 7);(7, 2)",A5 01 81 7F 04 11 22 37 44 F9,1
1068,2_BITS,"(2, 7);(7, 3)",A5 01 81 7F 04 11 22 3B 44 F9,1
1069,2_BITS,"(2, 7);(7, 4)",A5 01 81 7F 04 11 22 23 44 F9,1
1070,2_BITS,"(2, 7);(7, 5)",A5 01 81 7F 04 11 22 13 44 F9,1
1071,2_BITS,"(2, 7);(7, 6)",A5 01 81 7F 04 11 22 73 44 F9,1
1072,2_BITS,"(2, 7);(7, 7)",A5 01 81 7F 04 11 22 B3 44 F9,1
1073,2_BITS,"(2, 7);(8, 0)",A5 01 81 7F 04 11 22 33 45 F9,1
1074,2_BITS,"(2, 7);(8, 1)",A5 01 81 7F 04 11 22 33 46 F9,1
1075,2_BITS,"(2, 7);(8, 2)",A5 01 81 7F 04 11 22 33 40 F9,1
1076,2_BITS,"(2, 7);(8, 3)",A5 01 81 7F 04 11 22 33 4C F9,1
1077,2_BITS,"(2, 7);(8, 4)",A5 01 81 7F 04 11 22 33 54 F9,1
1078,2_BITS,"(2, 7);(8, 5)",A5 01 81 7F 04 11 22 33 64 F9,1
1079,2_BITS,"(2, 7);(8, 6)",A5 01 81 7F 04 11 22 33 04 F9,1
1080,2_BITS,"(2, 7);(8, 7)",A5 01 81 7F 04 11 22 33 C4 F9,1
1081,2_BITS,"(2, 7);(9, 0)",A5 01 81 7F 04 11 22 33 44 F8,1
1082,2_BITS,"(2, 7);(9, 1)",A5 01 81 7F 04 11 22 33 44 FB,1
1083,2_BITS,"(2, 7);(9, 2)",A5 01 81 7F 04 11 22 33 44 FD,1
1084,2_BITS,"(2, 7);(9, 3)",A5 01 81 7F 04 11 22 33 44 F1,1
1085,2_BITS,"(2, 7);(9, 4)",A5 01 81 7F 04 11 22 33 44 E9,1
1086,2_BITS,"(2, 7);(9, 5)",A5 01 81 7F 04 11 22 33 44 D9,1
1087,2_BITS,"(2, 7);(9, 6)",A5 01 81 7F 04 11 22 33 44 B9,1
1088,2_BITS,"(2, 7);(9, 7)",A5 01 81 7F 04 11 22 33 44 79,1
1089,2_BITS,"(3, 0);(3, 1)",A5 01 01 7C 04 11 22 33 44 F9,1
1090,2_BITS,"(3, 0);(3, 2)",A5 01 01 7A 04 11 22 33 44 F9,1
1091,2_BITS,"(3, 0);(3, 3)",A5 01 01 76 04 11 22 33 44 F9,1
1092,2_BITS,"(3, 0);(3, 4)",A5 01 01 6E 04 11 22 33 44 F9,1
1093,2_BITS,"(3, 0);(3, 5)",A5 01 01 5E 04 11 22 33 44 F9,1
1094,2_BITS,"(3, 0);(3, 6)",A5 01 01 3E 04 11 22 33 44 F9,1
1095,2_BITS,"(3, 0);(3, 7)",A5 01 01 FE 04 11 22 33 44 F9,1
1096,2_BITS,"(3, 0);(4, 0)",A5 01 01 7E 05 11 22 33 44 F9,1
1097,2_BITS,"(3, 0);(4, 1)",A5 01 01 7E 06 11 22 33 44 F9,1
1098,2_BITS,"(3, 0);(4, 2)",A5 01 01 7E 00 11 22 33 44 F9,1
1099,2_BITS,"(3, 0);(4, 3)",A5 01 01 7E 0C 11 22 33 44 F9,1
1100,2_BITS,"(3, 0);(4, 4)",A5 01 01 7E 14 11 22 33 44 F9,1
1101,2_BITS,"(3, 0);(4, 5)",A5 01 01 7E 24 11 22 33 44 F9,1
1102,2_BITS,"(3, 0);(4, 6)",A5 01 01 7E 44 11 22 33 44 F9,1
1103,2_BITS,"(3, 0);(4, 7)",A5 01 01 7E 84 11 22 33 44 F9,1
1104,2_BITS,"(3, 0);(5, 0)",A5 01 01 7E 04 10 22 33 44 F9,1
1105,2_BITS,"(3, 0);(5, 1)",A5 01 01 7E 04 13 22 33 44 F9,1
1106,2_BITS,"(3, 0);(5, 2)",A5 01 01 7E 04 15 22 33 44 F9,1
1107,2_BITS,"(3, 0);(5, 3)",A5 01 01 7E 04 19 22 33 44 F9,1
1108,2_BITS,"(3, 0);(5, 4)",A5 01 01 7E 04 01 22 33 44 F9,1
1109,2_BITS,"(3, 0);(5, 5)",A5 01 01 7E 04 31 22 33 44 F9,1
1110,2_BITS,"(3, 0);(5, 6)",A5 01 01 7E 04 51 22 33 44 F9,1
1111,2_BITS,"(3, 0);(5, 7)",A5 01 01 7E 04 91 22 33 44 F9,1
1112,2_BITS,"(3, 0);(6, 0)",A5 01 01 7E 04 11 23 33 44 F9,1
1113,2_BITS,"(3, 0);(6, 1)",A5 01 01 7E 04 11 20 33 44 F9,1
1114,2_BITS,"(3, 0);(6, 2)",A5 01 01 7E 04 11 26 33 44 F9,1
1115,2_BITS,"(3, 0);(6, 3)",A5 01 01 7E 04 11 2A 33 44 F9,1
1116,2_BITS,"(3, 0);(6, 4)",A5 01 01 7E 04 11 32 33 44 F9,1
1117,2_BITS,"(3, 0);(6, 5)",A5 01 01 7E 04 11 02 33 44 F9,1
1118,2_BITS,"(3, 0);(6, 6)",A5 01 01 7E 04 11 62 33 44 F9,1
1119,2_BITS,"(3, 0);(6, 7)",A5 01 01 7E 04 11 A2 33 44 F9,1
1120,2_BITS,"(3, 0);(7, 0)",A5 01 01 7E 04 11 22 32 44 F9,1
1121,2_BITS,"(3, 0);(7, 1)",A5 01 01 7E 04 11 22 31 44 F9,1
1122,2_BITS,"(3, 0);(7, 2)",A5 01 01 7E 04 11 22 37 44 F9,1
1123,2_BITS,"(3, 0);(7, 3)",A5 01 01 7E 04 11 22 3B 44 F9,1
1124,2_BITS,"(3, 0);(7, 4)",A5 01 01 7E 04 11 22 23 44 F9,1
1125,2_BITS,"(3, 0);(7, 5)",A5 01 01 7E 04 11 22 13 44 F9,1
1126,2_BITS,"(3, 0);(7, 6)",A5 01 01 7E 04 11 22 73 44 F9,1
1127,2_BITS,"(3, 0);(7, 7)",A5 01 01 7E 04 11 22 B3 44 F9,1
1128,2_BITS,"(3, 0);(8, 0)",A5 01 01 7E 04 11 22 33 45 F9,1
1129,2_BITS,"(3, 0);(8, 1)",A5 01 01 7E 04 11 22 33 46 F9,1
1130,2_BITS,"(3, 0);(8, 2)",A5 01 01 7E 04 11 22 33 40 F9,1
1131,2_BITS,"(3, 0);(8, 3)",A5 01 01 7E 04 11 22 33 4C F9,1
1132,2_BITS,"(3, 0);(8, 4)",A5 01 01 7E 04 11 22 33 54 F9,1
1133,2_BITS,"(3, 0);(8, 5)",A5 01 01 7E 04 11 22 33 64 F9,1
1134,2_BITS,"(3, 0);(8, 6)",A5 01 01 7E 04 11 22 33 04 F9,1
1135,2_BITS,"(3, 0);(8, 7)",A5 01 01 7E 04 11 22 33 C4 F9,1
1136,2_BITS,"(3, 0);(9, 0)",A5 01 01 7E 04 11 22 33 44 F8,1
1137,2_BITS,"(3, 0);(9, 1)",A5 01 01 7E 04 11 22 33 44 FB,1
1138,2_BITS,"(3, 0);(9, 2)",A5 01 01 7E 04 11 22 33 44 FD,1
1139,2_BITS,"(3, 0);(9, 3)",A5 01 01 7E 04 11 22 33 44 F1,1
1140,2_BITS,"(3, 0);(9, 4)",A5 01 01 7E 04 11 22 33 44 E9,1
1141,2_BITS,"(3, 0);(9, 5)",A5 01 01 7E 04 11 22 33 44 D9,1
1142,2_BITS,"(3, 0);(9, 6)",A5 01 01 7E 04 11 22 33 44 B9,1
1143,2_BITS,"(3, 0);(9, 7)",A5 01 01 7E 04 11 22 33 44 79,1
1144,2_BITS,"(3, 1);(3, 2)",A5 01 01 79 04 11 22 33 44 F9,1
1145,2_BITS,"(3, 1);(3, 3)",A5 01 01 75 04 11 22 33 44 F9,1
1146,2_BITS,"(3, 1);(3, 4)",A5 01 01 6D 04 11 22 33 44 F9,1
1147,2_BITS,"(3, 1);(3, 5)",A5 01 01 5D 04 11 22 33 44 F9,1
1148,2_BITS,"(3, 1);(3, 6)",A5 01 01 3D 04 11 22 33 44 F9,1
1149,2_BITS,"(3, 1);(3, 7)",A5 01 01 FD 04 11 22 33 44 F9,1
1150,2_BITS,"(3, 1);(4, 0)",A5 01 01 7D 05 11 22 33 44 F9,1
1151,2_BITS,"(3, 1);(4, 1)",A5 01 01 7D 06 11 22 33 44 F9,1
1152,2_BITS,"(3, 1);(4, 2)",A5 01 01 7D 00 11 22 33 44 F9,1
1153,2_BITS,"(3, 1);(4, 3)",A5 01 01 7D 0C 11 22 33 44 F9,1
1154,2_BITS,"(3, 1);(4, 4)",A5 01 01 7D 14 11 22 33 44 F9,1
1155,2_BITS,"(3, 1);(4, 5)",A5 01 01 7D 24 11 22 33 44 F9,1
1156,2_BITS,"(3, 1);(4, 6)",A5 01 01 7D 44 11 22 33 44 F9,1
1157,2_BITS,"(3, 1);(4, 7)",A5 01 01 7D 84 11 22 33 44 F9,1
1158,2_BITS,"(3, 1);(5, 0)",A5 01 01 7D 04 10 22 33 44 F9,1
1159,2_BITS,"(3, 1);(5, 1)",A5 01 01 7D 04 13 22 33 44 F9,1
1160,2_BITS,"(3, 1);(5, 2)",A5 01 01 7D 04 15 22 33 44 F9,1
1161,2_BITS,"(3, 1);(5, 3)",A5 01 01 7D 04 19 22 33 44 F9,1
1162,2_BITS,"(3, 1);(5, 4)",A5 01 01 7D 04 01 22 33 44 F9,1
1163,2_BITS,"(3, 1);(5, 5)",A5 01 01 7D 04 31 22 33 44 F9,1
1164,2_BITS,"(3, 1);(5, 6)",A5 01 01 7D 04 51 22 33 44 F9,1
1165,2_BITS,"(3, 1);(5, 7)",A5 01 01 7D 04 91 22 33 44 F9,1
1166,2_BITS,"(3, 1);(6, 0)",A5 01 01 7D 04 11 23 33 44 F9,1
1167,2_BITS,"(3, 1);(6, 1)",A5 01 01 7D 04 11 20 33 44 F9,1
1168,2_BITS,"(3, 1);(6, 2)",A5 01 01 7D 04 11 26 33 44 F9,1
1169,2_BITS,"(3, 1);(6, 3)",A5 01 01 7D 04 11 2A 33 44 F9,1
1170,2_BITS,"(3, 1);(6, 4)",A5 01 01 7D 04 11 32 33 44 F9,1
1171,2_BITS,"(3, 1);(6, 5)",A5 01 01 7D 04 11 02 33 44 F9,1
1172,2_BITS,"(3, 1);(6, 6)",A5 01 01 7D 04 11 62 33 44 F9,1
1173,2_BITS,"(3, 1);(6, 7)",A5 01 01 7D 04 11 A2 33 44 F9,1
1174,2_BITS,"(3, 1);(7, 0)",A5 01 01 7D 04 11 22 32 44 F9,1
1175,2_BITS,"(3, 1);(7, 1)",A5 01 01 7D 04 11 22 31 44 F9,1
1176,2_BITS,"(3, 1);(7, 2)",A5 01 01 7D 04 11 22 37 44 F9,1
1177,2_BITS,"(3, 1);(7, 3)",A5 01 01 7D 04 11 22 3B 44 F9,1
1178,2_BITS,"(3, 1);(7, 4)",A5 01 01 7D 04 11 22 23 44 F9,1
1179,2_BITS,"(3, 1);(7, 5)",A5 01 01 7D 04 11 22 13 44 F9,1
1180,2_BITS,"(3, 1);(7, 6)",A5 01 01 7D 04 11 22 73 44 F9,1
1181,2_BITS,"(3, 1);(7, 7)",A5 01 01 7D 04 11 22 B3 44 F9,1
1182,2_BITS,"(3, 1);(8, 0)",A5 01 01 7D 04 11 22 33 45 F9,1
1183,2_BITS,"(3, 1);(8, 1)",A5 01 01 7D 04 11 22 33 46 F9,1
1184,2_BITS,"(3, 1);(8, 2)",A5 01 01 7D 04 11 22 33 40 F9,1
1185,2_BITS,"(3, 1);(8, 3)",A5 01 01 7D 04 11 22 33 4C F9,1
1186,2_BITS,"(3, 1);(8, 4)",A5 01 01 7D 04 11 22 33 54 F9,1
1187,2_BITS,"(3, 1);(8, 5)",A5 01 01 7D 04 11 22 33 64 F9,1
1188,2_BITS,"(3, 1);(8, 6)",A5 01 01 7D 04 11 22 33 04 F9,1
1189,2_BITS,"(3, 1);(8, 7)",A5 01 01 7D 04 11 22 33 C4 F9,1
1190,2_BITS,"(3, 1);(9, 0)",A5 01 01 7D 04 11 22 33 44 F8,1
1191,2_BITS,"(3, 1);(9, 1)",A5 01 01 7D 04 11 22 33 44 FB,1
1192,2_BITS,"(3, 1);(9, 2)",A5 01 01 7D 04 11 22 33 44 FD,1
1193,2_BITS,"(3, 1);(9, 3)",A5 01 01 7D 04 11 22 33 44 F1,1
1194,2_BITS,"(3, 1);(9, 4)",A5 01 01 7D 04 11 22 33 44 E9,1
1195,2_BITS,"(3, 1);(9, 5)",A5 01 01 7D 04 11 22 33 44 D9,1
1196,2_BITS,"(3, 1);(9, 6)",A5 01 01 7D 04 11 22 33 44 B9,1
1197,2_BITS,"(3, 1);(9, 7)",A5 01 01 7D 04 11 22 33 44 79,1
1198,2_BITS,"(3, 2);(3, 3)",A5 01 01 73 04 11 22 33 44 F9,1
1199,2_BITS,"(3, 2);(3, 4)",A5 01 01 6B 04 11 22 33 44 F9,1
1200,2_BITS,"(3, 2);(3, 5)",A5 01 01 5B 04 11 22 33 44 F9,1
1201,2_BITS,"(3, 2);(3, 6)",A5 01 01 3B 04 11 22 33 44 F9,1
1202,2_BITS,"(3, 2);(3, 7)",A5 01 01 FB 04 11 22 33 44 F9,1
1203,2_BITS,"(3, 2);(4, 0)",A5 01 01 7B 05 11 22 33 44 F9,1
1204,2_BITS,"(3, 2);(4, 1)",A5 01 01 7B 06 11 22 33 44 F9,1
1205,2_BITS,"(3, 2);(4, 2)",A5 01 01 7B 00 11 22 33 44 F9,1
1206,2_BITS,"(3, 2);(4, 3)",A5 01 01 7B 0C 11 22 33 44 F9,1
1207,2_BITS,"(3, 2);(4, 4)",A5 01 01 7B 14 11 22 33 44 F9,1
1208,2_BITS,"(3, 2);(4, 5)",A5 01 01 7B 24 11 22 33 44 F9,1
1209,2_BITS,"(3, 2);(4, 6)",A5 01 01 7B 44 11 22 33 44 F9,1
1210,2_BITS,"(3, 2);(4, 7)",A5 01 01 7B 84 11 22 33 44 F9,1
1211,2_BITS,"(3, 2);(5, 0)",A5 01 01 7B 04 10 22 33 44 F9,1
1212,2_BITS,"(3, 2);(5, 1)",A5 01 01 7B 04 13 22 33 44 F9,1
1213,2_BITS,"(3, 2);(5, 2)",A5 01 01 7B 04 15 22 33 44 F9,1
1214,2_BITS,"(3, 2);(5, 3)",A5 01 01 7B 04 19 22 33 44 F9,1
1215,2_BITS,"(3, 2);(5, 4)",A5 01 01 7B 04 01 22 33 44 F9,1
1216,2_BITS,"(3, 2);(5, 5)",A5 01 01 7B 04 31 22 33 44 F9,1
1217,2_BITS,"(3, 2);(5, 6)",A5 01 01 7B 04 51 22 33 44 F9,1
1218,2_BITS,"(3, 2);(5, 7)",A5 01 01 7B 04 91 22 33 44 F9,1
1219,2_BITS,"(3, 2);(6, 0)",A5 01 01 7B 04 11 23 33 44 F9,1
1220,2_BITS,"(3, 2);(6, 1)",A5 01 01 7B 04 11 20 33 44 F9,1
1221,2_BITS,"(3, 2);(6, 2)",A5 01 01 7B 04 11 26 33 44 F9,1
1222,2_BITS,"(3, 2);(6, 3)",A5 01 01 7B 04 11 2A 33 44 F9,1
1223,2_BITS,"(3, 2);(6, 4)",A5 01 01 7B 04 11 32 33 44 F9,1
1224,2_BITS,"(3, 2);(6, 5)",A5 01 01 7B 04 11 02 33 44 F9,1
1225,2_BITS,"(3, 2);(6, 6)",A5 01 01 7B 04 11 62 33 44 F9,1
1226,2_BITS,"(3, 2);(6, 7)",A5 01 01 7B 04 11 A2 33 44 F9,1
1227,2_BITS,"(3, 2);(7, 0)",A5 01 01 7B 04 11 22 32 44 F9,1
1228,2_BITS,"(3, 2);(7, 1)",A5 01 01 7B 04 11 22 31 44 F9,1
1229,2_BITS,"(3, 2);(7, 2)",A5 01 01 7B 04 11 22 37 44 F9,1
1230,2_BITS,"(3, 2);(7, 3)",A5 01 01 7B 04 11 22 3B 44 F9,1
1231,2_BITS,"(3, 2);(7, 4)",A5 01 01 7B 04 11 22 23 44 F9,1
1232,2_BITS,"(3, 2);(7, 5)",A5 01 01 7B 04 11 22 13 44 F9,1
1233,2_BITS,"(3, 2);(7, 6)",A5 01 01 7B 04 11 22 73 44 F9,1
1234,2_BITS,"(3, 2);(7, 7)",A5 01 01 7B 04 11 22 B3 44 F9,1
1235,2_BITS,"(3, 2);(8, 0)",A5 01 01 7B 04 11 22 33 45 F9,1
1236,2_BITS,"(3, 2);(8, 1)",A5 01 01 7B 04 11 22 33 46 F9,1
1237,2_BITS,"(3, 2);(8, 2)",A5 01 01 7B 04 11 22 33 40 F9,1
1238,2_BITS,"(3, 2);(8, 3)",A5 01 01 7B 04 11 22 33 4C F9,1
1239,2_BITS,"(3, 2);(8, 4)",A5 01 01 7B 04 11 22 33 54 F9,1
1240,2_BITS,"(3, 2);(8, 5)",A5 01 01 7B 04 11 22 33 64 F9,1
1241,2_BITS,"(3, 2);(8, 6)",A5 01 01 7B 04 11 22 33 04 F9,1
1242,2_BITS,"(3, 2);(8, 7)",A5 01 01 7B 04 11 22 33 C4 F9,1
1243,2_BITS,"(3, 2);(9, 0)",A5 01 01 7B 04 11 22 33 44 F8,1
1244,2_BITS,"(3, 2);(9, 1)",A5 01 01 7B 04 11 22 33 44 FB,1
1245,2_BITS,"(3, 2);(9, 2)",A5 01 01 7B 04 11 22 33 44 FD,1
1246,2_BITS,"(3, 2);(9, 3)",A5 01 01 7B 04 11 22 33 44 F1,1
1247,2_BITS,"(3, 2);(9, 4)",A5 01 01 7B 04 11 22 33 44 E9,1
1248,2_BITS,"(3, 2);(9, 5)",A5 01 01 7B 04 11 22 33 44 D9,1
1249,2_BITS,"(3, 2);(9, 6)",A5 01 01 7B 04 11 22 33 44 B9,1
1250,2_BITS,"(3, 2);(9, 7)",A5 01 01 7B 04 11 22 33 44 79,1
1251,2_BITS,"(3, 3);(3, 4)",A5 01 01 67 04 11 22 33 44 F9,1
1252,2_BITS,"(3, 3);(3, 5)",A5 01 01 57 04 11 22 33 44 F9,1
1253,2_BITS,"(3, 3);(3, 6)",A5 01 01 37 04 11 22 33 44 F9,1
1254,2_BITS,"(3, 3);(3, 7)",A5 01 01 F7 04 11 22 33 44 F9,1
1255,2_BITS,"(3, 3);(4, 0)",A5 01 01 77 05 11 22 33 44 F9,1
1256,2_BITS,"(3, 3);(4, 1)",A5 01 01 77 06 11 22 33 44 F9,1
1257,2_BITS,"(3, 3);(4, 2)",A5 01 01 77 00 11 22 33 44 F9,1
1258,2_BITS,"(3, 3);(4, 3)",A5 01 01 77 0C 11 22 33 44 F9,1
1259,2_BITS,"(3, 3);(4, 4)",A5 01 01 77 14 11 22 33 44 F9,1
1260,2_BITS,"(3, 3);(4, 5)",A5 01 01 77 24 11 22 33 44 F9,1
1261,2_BITS,"(3, 3);(4, 6)",A5 01 01 77 44 11 22 33 44 F9,1
1262,2_BITS,"(3, 3);(4, 7)",A5 01 01 77 84 11 22 33 44 F9,1
1263,2_BITS,"(3, 3);(5, 0)",A5 01 01 77 04 10 22 33 44 F9,1
1264,2_BITS,"(3, 3);(5, 1)",A5 01 01 77 04 13 22 33 44 F9,1
1265,2_BITS,"(3, 3);(5, 2)",A5 01 01 77 04 15 22 33 44 F9,1
1266,2_BITS,"(3, 3);(5, 3)",A5 01 01 77 04 19 22 33 44 F9,1
1267,2_BITS,"(3, 3);(5, 4)",A5 01 01 77 04 01 22 33 44 F9,1
1268,2_BITS,"(3, 3);(5, 5)",A5 01 01 77 04 31 22 33 44 F9,1
1269,2_BITS,"(3, 3);(5, 6)",A5 01 01 77 04 51 22 33 44 F9,1
1270,2_BITS,"(3, 3);(5, 7)",A5 01 01 77 04 91 22 33 44 F9,1
1271,2_BITS,"(3, 3);(6, 0)",A5 01 01 77 04 11 23 33 44 F9,1
1272,2_BITS,"(3, 3);(6, 1)",A5 01 01 77 04 11 20 33 44 F9,1
1273,2_BITS,"(3, 3);(6, 2)",A5 01 01 77 04 11 26 33 44 F9,1
1274,2_BITS,"(3, 3);(6, 3)",A5 01 01 77 04 11 2A 33 44 F9,1
1275,2_BITS,"(3, 3);(6, 4)",A5 01 01 77 04 11 32 33 44 F9,1
1276,2_BITS,"(3, 3);(6, 5)",A5 01 01 77 04 11 02 33 44 F9,1
1277,2_BITS,"(3, 3);(6, 6)",A5 01 01 77 04 11 62 33 44 F9,1
1278,2_BITS,"(3, 3);(6, 7)",A5 01 01 77 04 11 A2 33 44 F9,1
1279,2_BITS,"(3, 3);(7, 0)",A5 01 01 77 04 11 22 32 44 F9,1
1280,2_BITS,"(3, 3);(7, 1)",A5 01 01 77 04 11 22 31 44 F9,1
1281,2_BITS,"(3, 3);(7, 2)",A5 01 01 77 04 11 22 37 44 F9,1
1282,2_BITS,"(3, 3);(7, 3)",A5 01 01 77 04 11 22 3B 44 F9,1
1283,2_BITS,"(3, 3);(7, 4)",A5 01 01 77 04 11 22 23 44 F9,1
1284,2_BITS,"(3, 3);(7, 5)",A5 01 01 77 04 11 22 13 44 F9,1
1285,2_BITS,"(3, 3);(7, 6)",A5 01 01 77 04 11 22 73 44 F9,1
1286,2_BITS,"(3, 3);(7, 7)",A5 01 01 77 04 11 22 B3 44 F9,1
1287,2_BITS,"(3, 3);(8, 0)",A5 01 01 77 04 11 22 33 45 F9,1
1288,2_BITS,"(3, 3);(8, 1)",A5 01 01 77 04 11 22 33 46 F9,1
1289,2_BITS,"(3, 3);(8, 2)",A5 01 01 77 04 11 22 33 40 F9,1
1290,2_BITS,"(3, 3);(8, 3)",A5 01 01 77 04 11 22 33 4C F9,1
1291,2_BITS,"(3, 3);(8, 4)",A5 01 01 77 04 11 22 33 54 F9,1
1292,2_BITS,"(3, 3);(8, 5)",A5 01 01 77 04 11 22 33 64 F9,1
1293,2_BITS,"(3, 3);(8, 6)",A5 01 01 77 04 11 22 33 04 F9,1
1294,2_BITS,"(3, 3);(8, 7)",A5 01 01 77 04 11 22 33 C4 F9,1
1295,2_BITS,"(3, 3);(9, 0)",A5 01 01 77 04 11 22 33 44 F8,1
1296,2_BITS,"(3, 3);(9, 1)",A5 01 01 77 04 11 22 33 44 FB,1
1297,2_BITS,"(3, 3);(9, 2)",A5 01 01 77 04 11 22 33 44 FD,1
1298,2_BITS,"(3, 3);(9, 3)",A5 01 01 77 04 11 22 33 44 F1,1
1299,2_BITS,"(3, 3);(9, 4)",A5 01 01 77 04 11 22 33 44 E9,1
1300,2_BITS,"(3, 3);(9, 5)",A5 01 01 77 04 11 22 33 44 D9,1
1301,2_BITS,"(3, 3);(9, 6)",A5 01 01 77 04 11 22 33 44 B9,1
1302,2_BITS,"(3, 3);(9, 7)",A5 01 01 77 04 11 22 33 44 79,1
1303,2_BITS,"(3, 4);(3, 5)",A5 01 01 4F 04 11 22 33 44 F9,1
1304,2_BITS,"(3, 4);(3, 6)",A5 01 01 2F 04 11 22 33 44 F9,1
1305,2_BITS,"(3, 4);(3, 7)",A5 01 01 EF 04 11 22 33 44 F9,1
1306,2_BITS,"(3, 4);(4, 0)",A5 01 01 6F 05 11 22 33 44 F9,1
1307,2_BITS,"(3, 4);(4, 1)",A5 01 01 6F 06 11 22 33 44 F9,1
1308,2_BITS,"(3, 4);(4, 2)",A5 01 01 6F 00 11 22 33 44 F9,1
1309,2_BITS,"(3, 4);(4, 3)",A5 01 01 6F 0C 11 22 33 44 F9,1
1310,2_BITS,"(3, 4);(4, 4)",A5 01 01 6F 14 11 22 33 44 F9,1
1311,2_BITS,"(3, 4);(4, 5)",A5 01 01 6F 24 11 22 33 44 F9,1
1312,2_BITS,"(3, 4);(4, 6)",A5 01 01 6F 44 11 22 33 44 F9,1
1313,2_BITS,"(3, 4);(4, 7)",A5 01 01 6F 84 11 22 33 44 F9,1
1314,2_BITS,"(3, 4);(5, 0)",A5 01 01 6F 04 10 22 33 44 F9,1
1315,2_BITS,"(3, 4);(5, 1)",A5 01 01 6F 04 13 22 33 44 F9,1
1316,2_BITS,"(3, 4);(5, 2)",A5 01 01 6F 04 15 22 33 44 F9,1
1317,2_BITS,"(3, 4);(5, 3)",A5 01 01 6F 04 19 22 33 44 F9,1
1318,2_BITS,"(3, 4);(5, 4)",A5 01 01 6F 04 01 22 33 44 F9,1
1319,2_BITS,"(3, 4);(5, 5)",A5 01 01 6F 04 31 22 33 44 F9,1
1320,2_BITS,"(3, 4);(5, 6)",A5 01 01 6F 04 51 22 33 44 F9,1
1321,2_BITS,"(3, 4);(5, 7)",A5 01 01 6F 04 91 22 33 44 F9,1
1322,2_BITS,"(3, 4);(6, 0)",A5 01 01 6F 04 11 23 33 44 F9,1
1323,2_BITS,"(3, 4);(6, 1)",A5 01 01 6F 04 11 20 33 44 F9,1
1324,2_BITS,"(3, 4);(6, 2)",A5 01 01 6F 04 11 26 33 44 F9,1
1325,2_BITS,"(3, 4);(6, 3)",A5 01 01 6F 04 11 2A 33 44 F9,1
1326,2_BITS,"(3, 4);(6, 4)",A5 01 01 6F 04 11 32 33 44 F9,1
1327,2_BITS,"(3, 4);(6, 5)",A5 01 01 6F 04 11 02 33 44 F9,1
1328,2_BITS,"(3, 4);(6, 6)",A5 01 01 6F 04 11 62 33 44 F9,1
1329,2_BITS,"(3, 4);(6, 7)",A5 01 01 6F 04 11 A2 33 44 F9,1
1330,2_BITS,"(3, 4);(7, 0)",A5 01 01 6F 04 11 22 32 44 F9,1
1331,2_BITS,"(3, 4);(7, 1)",A5 01 01 6F 04 11 22 31 44 F9,1
1332,2_BITS,"(3, 4);(7, 2)",A5 01 01 6F 04 11 22 37 44 F9,1
1333,2_BITS,"(3, 4);(7, 3)",A5 01 01 6F 04 11 22 3B 44 F9,1
1334,2_BITS,"(3, 4);(7, 4)",A5 01 01 6F 04 11 22 23 44 F9,1
1335,2_BITS,"(3, 4);(7, 5)",A5 01 01 6F 04 11 22 13 44 F9,1
1336,2_BITS,"(3, 4);(7, 6)",A5 01 01 6F 04 11 22 73 44 F9,1
1337,2_BITS,"(3, 4);(7, 7)",A5 01 01 6F 04 11 22 B3 44 F9,1
1338,2_BITS,"(3, 4);(8, 0)",A5 01 01 6F 04 11 22 33 45 F9,1
1339,2_BITS,"(3, 4);(8, 1)",A5 01 01 6F 04 11 22 33 46 F9,1
1340,2_BITS,"(3, 4);(8, 2)",A5 01 01 6F 04 11 22 33 40 F9,1
1341,2_BITS,"(3, 4);(8, 3)",A5 01 01 6F 04 11 22 33 4C F9,1
1342,2_BITS,"(3, 4);(8, 4)",A5 01 01 6F 04 11 22 33 54 F9,1
1343,2_BITS,"(3, 4);(8, 5)",A5 01 01 6F 04 11 22 33 64 F9,1
1344,2_BITS,"(3, 4);(8, 6)",A5 01 01 6F 04 11 22 33 04 F9,1
1345,2_BITS,"(3, 4);(8, 7)",A5 01 01 6F 04 11 22 33 C4 F9,1
1346,2_BITS,"(3, 4);(9, 0)",A5 01 01 6F 04 11 22 33 44 F8,1
1347,2_BITS,"(3, 4);(9, 1)",A5 01 01 6F 04 11 22 33 44 FB,1
1348,2_BITS,"(3, 4);(9, 2)",A5 01 01 6F 04 11 22 33 44 FD,1
1349,2_BITS,"(3, 4);(9, 3)",A5 01 01 6F 04 11 22 33 44 F1,1
1350,2_BITS,"(3, 4);(9, 4)",A5 01 01 6F 04 11 22 33 44 E9,1
1351,2_BITS,"(3, 4);(9, 5)",A5 01 01 6F 04 11 22 33 44 D9,1
1352,2_BITS,"(3, 4);(9, 6)",A5 01 01 6F 04 11 22 33 44 B9,1
1353,2_BITS,"(3, 4);(9, 7)",A5 01 01 6F 04 11 22 33 44 79,1
1354,2_BITS,"(3, 5);(3, 6)",A5 01 01 1F 04 11 22 33 44 F9,1
1355,2_BITS,"(3, 5);(3, 7)",A5 01 01 DF 04 11 22 33 44 F9,1
1356,2_BITS,"(3, 5);(4, 0)",A5 01 01 5F 05 11 22 33 44 F9,1
1357,2_BITS,"(3, 5);(4, 1)",A5 01 01 5F 06 11 22 33 44 F9,1
1358,2_BITS,"(3, 5);(4, 2)",A5 01 01 5F 00 11 22 33 44 F9,1
1359,2_BITS,"(3, 5);(4, 3)",A5 01 01 5F 0C 11 22 33 44 F9,1
1360,2_BITS,"(3, 5);(4, 4)",A5 01 01 5F 14 11 22 33 44 F9,1
1361,2_BITS,"(3, 5);(4, 5)",A5 01 01 5F 24 11 22 33 44 F9,1
1362,2_BITS,"(3, 5);(4, 6)",A5 01 01 5F 44 11 22 33 44 F9,1
1363,2_BITS,"(3, 5);(4, 7)",A5 01 01 5F 84 11 22 33 44 F9,1
1364,2_BITS,"(3, 5);(5, 0)",A5 01 01 5F 04 10 22 33 44 F9,1
1365,2_BITS,"(3, 5);(5, 1)",A5 01 01 5F 04 13 22 33 44 F9,1
1366,2_BITS,"(3, 5);(5, 2)",A5 01 01 5F 04 15 22 33 44 F9,1
1367,2_BITS,"(3, 5);(5, 3)",A5 01 01 5F 04 19 22 33 44 F9,1
1368,2_BITS,"(3, 5);(5, 4)",A5 01 01 5F 04 01 22 33 44 F9,1
1369,2_BITS,"(3, 5);(5, 5)",A5 01 01 5F 04 31 22 33 44 F9,1
1370,2_BITS,"(3, 5);(5, 6)",A5 01 01 5F 04 51 22 33 44 F9,1
1371,2_BITS,"(3, 5);(5, 7)",A5 01 01 5F 04 91 22 33 44 F9,1
1372,2_BITS,"(3, 5);(6, 0)",A5 01 01 5F 04 11 23 33 44 F9,1
1373,2_BITS,"(3, 5);(6, 1)",A5 01 01 5F 04 11 20 33 44 F9,1
1374,2_BITS,"(3, 5);(6, 2)",A5 01 01 5F 04 11 26 33 44 F9,1
1375,2_BITS,"(3, 5);(6, 3)",A5 01 01 5F 04 11 2A 33 44 F9,1
1376,2_BITS,"(3, 5);(6, 4)",A5 01 01 5F 04 11 32 33 44 F9,1
1377,2_BITS,"(3, 5);(6, 5)",A5 01 01 5F 04 11 02 33 44 F9,1
1378,2_BITS,"(3, 5);(6, 6)",A5 01 01 5F 04 11 62 33 44 F9,1
1379,2_BITS,"(3, 5);(6, 7)",A5 01 01 5F 04 11 A2 33 44 F9,1
1380,2_BITS,"(3, 5);(7, 0)",A5 01 01 5F 04 11 22 32 44 F9,1
1381,2_BITS,"(3, 5);(7, 1)",A5 01 01 5F 04 11 22 31 44 F9,1
1382,2_BITS,"(3, 5);(7, 2)",A5 01 01 5F 04 11 22 37 44 F9,1
1383,2_BITS,"(3, 5);(7, 3)",A5 01 01 5F 04 11 22 3B 44 F9,1
1384,2_BITS,"(3, 5);(7, 4)",A5 01 01 5F 04 11 22 23 44 F9,1
1385,2_BITS,"(3, 5);(7, 5)",A5 01 01 5F 04 11 22 13 44 F9,1
1386,2_BITS,"(3, 5);(7, 6)",A5 01 01 5F 04 11 22 73 44 F9,1
1387,2_BITS,"(3, 5);(7, 7)",A5 01 01 5F 04 11 22 B3 44 F9,1
1388,2_BITS,"(3, 5);(8, 0)",A5 01 01 5F 04 11 22 33 45 F9,1
1389,2_BITS,"(3, 5);(8, 1)",A5 01 01 5F 04 11 22 33 46 F9,1
1390,2_BITS,"(3, 5);(8, 2)",A5 01 01 5F 04 11 22 33 40 F9,1
1391,2_BITS,"(3, 5);(8, 3)",A5 01 01 5F 04 11 22 33 4C F9,1
1392,2_BITS,"(3, 5);(8, 4)",A5 01 01 5F 04 11 22 33 54 F9,1
1393,2_BITS,"(3, 5);(8, 5)",A5 01 01 5F 04 11 22 33 64 F9,1
1394,2_BITS,"(3, 5);(8, 6)",A5 01 01 5F 04 11 22 33 04 F9,1
1395,2_BITS,"(3, 5);(8, 7)",A5 01 01 5F 04 11 22 33 C4 F9,1
1396,2_BITS,"(3, 5);(9, 0)",A5 01 01 5F 04 11 22 33 44 F8,1
1397,2_BITS,"(3, 5);(9, 1)",A5 01 01 5F 04 11 22 33 44 FB,1
1398,2_BITS,"(3, 5);(9, 2)",A5 01 01 5F 04 11 22 33 44 FD,1
1399,2_BITS,"(3, 5);(9, 3)",A5 01 01 5F 04 11 22 33 44 F1,1
1400,2_BITS,"(3, 5);(9, 4)",A5 01 01 5F 04 11 22 33 44 E9,1
1401,2_BITS,"(3, 5);(9, 5)",A5 01 01 5F 04 11 22 33 44 D9,1
1402,2_BITS,"(3, 5);(9, 6)",A5 01 01 5F 04 11 22 33 44 B9,1
1403,2_BITS,"(3, 5);(9, 7)",A5 01 01 5F 04 11 22 33 44 79,1
1404,2_BITS,"(3, 6);(3, 7)",A5 01 01 BF 04 11 22 33 44 F9,1
1405,2_BITS,"(3, 6);(4, 0)",A5 01 01 3F 05 11 22 33 44 F9,1
1406,2_BITS,"(3, 6);(4, 1)",A5 01 01 3F 06 11 22 33 44 F9,1
1407,2_BITS,"(3, 6);(4, 2)",A5 01 01 3F 00 11 22 33 44 F9,1
1408,2_BITS,"(3, 6);(4, 3)",A5 01 01 3F 0C 11 22 33 44 F9,1
1409,2_BITS,"(3, 6);(4, 4)",A5 01 01 3F 14 11 22 33 44 F9,1
1410,2_BITS,"(3, 6);(4, 5)",A5 01 01 3F 24 11 22 33 44 F9,1
1411,2_BITS,"(3, 6);(4, 6)",A5 01 01 3F 44 11 22 33 44 F9,1
1412,2_BITS,"(3, 6);(4, 7)",A5 01 01 3F 84 11 22 33 44 F9,1
1413,2_BITS,"(3, 6);(5, 0)",A5 01 01 3F 04 10 22 33 44 F9,1
1414,2_BITS,"(3, 6);(5, 1)",A5 01 01 3F 04 13 22 33 44 F9,1
1415,2_BITS,"(3, 6);(5, 2)",A5 01 01 3F 04 15 22 33 44 F9,1
1416,2_BITS,"(3, 6);(5, 3)",A5 01 01 3F 04 19 22 33 44 F9,1
1417,2_BITS,"(3, 6);(5, 4)",A5 01 01 3F 04 01 22 33 44 F9,1
1418,2_BITS,"(3, 6);(5, 5)",A5 01 01 3F 04 31 22 33 44 F9,1
1419,2_BITS,"(3, 6);(5, 6)",A5 01 01 3F 04 51 22 33 44 F9,1
1420,2_BITS,"(3, 6);(5, 7)",A5 01 01 3F 04 91 22 33 44 F9,1
1421,2_BITS,"(3, 6);(6, 0)",A5 01 01 3F 04 11 23 33 44 F9,1
1422,2_BITS,"(3, 6);(6, 1)",A5 01 01 3F 04 11 20 33 44 F9,1
1423,2_BITS,"(3, 6);(6, 2)",A5 01 01 3F 04 11 26 33 44 F9,1
1424,2_BITS,"(3, 6);(6, 3)",A5 01 01 3F 04 11 2A 33 44 F9,1
1425,2_BITS,"(3, 6);(6, 4)",A5 01 01 3F 04 11 32 33 44 F9,1
1426,2_BITS,"(3, 6);(6, 5)",A5 01 01 3F 04 11 02 33 44 F9,1
1427,2_BITS,"(3, 6);(6, 6)",A5 01 01 3F 04 11 62 33 44 F9,1
1428,2_BITS,"(3, 6);(6, 7)",A5 01 01 3F 04 11 A2 33 44 F9,1
1429,2_BITS,"(3, 6);(7, 0)",A5 01 01 3F 04 11 22 32 44 F9,1
1430,2_BITS,"(3, 6);(7, 1)",A5 01 01 3F 04 11 22 31 44 F9,1
1431,2_BITS,"(3, 6);(7, 2)",A5 01 01 3F 04 11 22 37 44 F9,1
1432,2_BITS,"(3, 6);(7, 3)",A5 01 01 3F 04 11 22 3B 44 F9,1
1433,2_BITS,"(3, 6);(7, 4)",A5 01 01 3F 04 11 22 23 44 F9,1
1434,2_BITS,"(3, 6);(7, 5)",A5 01 01 3F 04 11 22 13 44 F9,1
1435,2_BITS,"(3, 6);(7, 6)",A5 01 01 3F 04 11 22 73 44 F9,1
1436,2_BITS,"(3, 6);(7, 7)",A5 01 01 3F 04 11 22 B3 44 F9,1
1437,2_BITS,"(3, 6);(8, 0)",A5 01 01 3F 04 11 22 33 45 F9,1
1438,2_BITS,"(3, 6);(8, 1)",A5 01 01 3F 04 11 22 33 46 F9,1
1439,2_BITS,"(3, 6);(8, 2)",A5 01 01 3F 04 11 22 33 40 F9,1
1440,2_BITS,"(3, 6);(8, 3)",A5 01 01 3F 04 11 22 33 4C F9,1
1441,2_BITS,"(3, 6);(8, 4)",A5 01 01 3F 04 11 22 33 54 F9,1
1442,2_BITS,"(3, 6);(8, 5)",A5 01 01 3F 04 11 22 33 64 F9,1
1443,2_BITS,"(3, 6);(8, 6)",A5 01 01 3F 04 11 22 33 04 F9,1
1444,2_BITS,"(3, 6);(8, 7)",A5 01 01 3F 04 11 22 33 C4 F9,1
1445,2_BITS,"(3, 6);(9, 0)",A5 01 01 3F 04 11 22 33 44 F8,1
1446,2_BITS,"(3, 6);(9, 1)",A5 01 01 3F 04 11 22 33 44 FB,1
1447,2_BITS,"(3, 6);(9, 2)",A5 01 01 3F 04 11 22 33 44 FD,1
1448,2_BITS,"(3, 6);(9, 3)",A5 01 01 3F 04 11 22 33 44 F1,1
1449,2_BITS,"(3, 6);(9, 4)",A5 01 01 3F 04 11 22 33 44 E9,1
1450,2_BITS,"(3, 6);(9, 5)",A5 01 01 3F 04 11 22 33 44 D9,1
1451,2_BITS,"(3, 6);(9, 6)",A5 01 01 3F 04 11 22 33 44 B9,1
1452,2_BITS,"(3, 6);(9, 7)",A5 01 01 3F 04 11 22 33 44 79,1
1453,2_BITS,"(3, 7);(4, 0)",A5 01 01 FF 05 11 22 33 44 F9,1
1454,2_BITS,"(3, 7);(4, 1)",A5 01 01 FF 06 11 22 33 44 F9,1
1455,2_BITS,"(3, 7);(4, 2)",A5 01 01 FF 00 11 22 33 44 F9,1
1456,2_BITS,"(3, 7);(4, 3)",A5 01 01 FF 0C 11 22 33 44 F9,1
1457,2_BITS,"(3, 7);(4, 4)",A5 01 01 FF 14 11 22 33 44 F9,1
1458,2_BITS,"(3, 7);(4, 5)",A5 01 01 FF 24 11 22 33 44 F9,1
1459,2_BITS,"(3, 7);(4, 6)",A5 01 01 FF 44 11 22 33 44 F9,1
1460,2_BITS,"(3, 7);(4, 7)",A5 01 01 FF 84 11 22 33 44 F9,1
1461,2_BITS,"(3, 7);(5, 0)",A5 01 01 FF 04 10 22 33 44 F9,1
1462,2_BITS,"(3, 7);(5, 1)",A5 01 01 FF 04 13 22 33 44 F9,1
1463,2_BITS,"(3, 7);(5, 2)",A5 01 01 FF 04 15 22 33 44 F9,1
1464,2_BITS,"(3, 7);(5, 3)",A5 01 01 FF 04 19 22 33 44 F9,1
1465,2_BITS,"(3, 7);(5, 4)",A5 01 01 FF 04 01 22 33 44 F9,1
1466,2_BITS,"(3, 7);(5, 5)",A5 01 01 FF 04 31 22 33 44 F9,1
1467,2_BITS,"(3, 7);(5, 6)",A5 01 01 FF 04 51 22 33 44 F9,1
1468,2_BITS,"(3, 7);(5, 7)",A5 01 01 FF 04 91 22 33 44 F9,1
1469,2_BITS,"(3, 7);(6, 0)",A5 01 01 FF 04 11 23 33 44 F9,1
1470,2_BITS,"(3, 7);(6, 1)",A5 01 01 FF 04 11 20 33 44 F9,1
1471,2_BITS,"(3, 7);(6, 2)",A5 01 01 FF 04 11 26 33 44 F9,1
1472,2_BITS,"(3, 7);(6, 3)",A5 01 01 FF 04 11 2A 33 44 F9,1
1473,2_BITS,"(3, 7);(6, 4)",A5 01 01 FF 04 11 32 33 44 F9,1
1474,2_BITS,"(3, 7);(6, 5)",A5 01 01 FF 04 11 02 33 44 F9,1
1475,2_BITS,"(3, 7);(6, 6)",A5 01 01 FF 04 11 62 33 44 F9,1
1476,2_BITS,"(3, 7);(6, 7)",A5 01 01 FF 04 11 A2 33 44 F9,1
1477,2_BITS,"(3, 7);(7, 0)",A5 01 01 FF 04 11 22 32 44 F9,1
1478,2_BITS,"(3, 7);(7, 1)",A5 01 01 FF 04 11 22 31 44 F9,1
1479,2_BITS,"(3, 7);(7, 2)",A5 01 01 FF 04 11 22 37 44 F9,1
1480,2_BITS,"(3, 7);(7, 3)",A5 01 01 FF 04 11 22 3B 44 F9,1
1481,2_BITS,"(3, 7);(7, 4)",A5 01 01 FF 04 11 22 23 44 F9,1
1482,2_BITS,"(3, 7);(7, 5)",A5 01 01 FF 04 11 22 13 44 F9,1
1483,2_BITS,"(3, 7);(7, 6)",A5 01 01 FF 04 11 22 73 44 F9,1
1484,2_BITS,"(3, 7);(7, 7)",A5 01 01 FF 04 11 22 B3 44 F9,1
1485,2_BITS,"(3, 7);(8, 0)",A5 01 01 FF 04 11 22 33 45 F9,1
1486,2_BITS,"(3, 7);(8, 1)",A5 01 01 FF 04 11 22 33 46 F9,1
1487,2_BITS,"(3, 7);(8, 2)",A5 01 01 FF 04 11 22 33 40 F9,1
1488,2_BITS,"(3, 7);(8, 3)",A5 01 01 FF 04 11 22 33 4C F9,1
1489,2_BITS,"(3, 7);(8, 4)",A5 01 01 FF 04 11 22 33 54 F9,1
1490,2_BITS,"(3, 7);(8, 5)",A5 01 01 FF 04 11 22 33 64 F9,1
1491,2_BITS,"(3, 7);(8, 6)",A5 01 01 FF 04 11 22 33 04 F9,1
1492,2_BITS,"(3, 7);(8, 7)",A5 01 01 FF 04 11 22 33 C4 F9,1
1493,2_BITS,"(3, 7);(9, 0)",A5 01 01 FF 04 11 22 33 44 F8,1
1494,2_BITS,"(3, 7);(9, 1)",A5 01 01 FF 04 11 22 33 44 FB,1
1495,2_BITS,"(3, 7);(9, 2)",A5 01 01 FF 04 11 22 33 44 FD,1
1496,2_BITS,"(3, 7);(9, 3)",A5 01 01 FF 04 11 22 33 44 F1,1
1497,2_BITS,"(3, 7);(9, 4)",A5 01 01 FF 04 11 22 33 44 E9,1
1498,2_BITS,"(3, 7);(9, 5)",A5 01 01 FF 04 11 22 33 44 D9,1
1499,2_BITS,"(3, 7);(9, 6)",A5 01 01 FF 04 11 22 33 44 B9,1
1500,2_BITS,"(3, 7);(9, 7)",A5 01 01 FF 04 11 22 33 44 79,1
1501,2_BITS,"(4, 0);(4, 1)",A5 01 01 7F 07 11 22 33 44 F9,1
1502,2_BITS,"(4, 0);(4, 2)",A5 01 01 7F 01 11 22 33 44 F9,1
1503,2_BITS,"(4, 0);(4, 3)",A5 01 01 7F 0D 11 22 33 44 F9,1
1504,2_BITS,"(4, 0);(4, 4)",A5 01 01 7F 15 11 22 33 44 F9,1
1505,2_BITS,"(4, 0);(4, 5)",A5 01 01 7F 25 11 22 33 44 F9,1
1506,2_BITS,"(4, 0);(4, 6)",A5 01 01 7F 45 11 22 33 44 F9,1
1507,2_BITS,"(4, 0);(4, 7)",A5 01 01 7F 85 11 22 33 44 F9,1
1508,2_BITS,"(4, 0);(5, 0)",A5 01 01 7F 05 10 22 33 44 F9,1
1509,2_BITS,"(4, 0);(5, 1)",A5 01 01 7F 05 13 22 33 44 F9,1
1510,2_BITS,"(4, 0);(5, 2)",A5 01 01 7F 05 15 22 33 44 F9,1
1511,2_BITS,"(4, 0);(5, 3)",A5 01 01 7F 05 19 22 33 44 F9,1
1512,2_BITS,"(4, 0);(5, 4)",A5 01 01 7F 05 01 22 33 44 F9,1
1513,2_BITS,"(4, 0);(5, 5)",A5 01 01 7F 05 31 22 33 44 F9,1
1514,2_BITS,"(4, 0);(5, 6)",A5 01 01 7F 05 51 22 33 44 F9,1
1515,2_BITS,"(4, 0);(5, 7)",A5 01 01 7F 05 91 22 33 44 F9,1
1516,2_BITS,"(4, 0);(6, 0)",A5 01 01 7F 05 11 23 33 44 F9,1
1517,2_BITS,"(4, 0);(6, 1)",A5 01 01 7F 05 11 20 33 44 F9,1
1518,2_BITS,"(4, 0);(6, 2)",A5 01 01 7F 05 11 26 33 44 F9,1
1519,2_BITS,"(4, 0);(6, 3)",A5 01 01 7F 05 11 2A 33 44 F9,1
1520,2_BITS,"(4, 0);(6, 4)",A5 01 01 7F 05 11 32 33 44 F9,1
1521,2_BITS,"(4, 0);(6, 5)",A5 01 01 7F 05 11 02 33 44 F9,1
1522,2_BITS,"(4, 0);(6, 6)",A5 01 01 7F 05 11 62 33 44 F9,1
1523,2_BITS,"(4, 0);(6, 7)",A5 01 01 7F 05 11 A2 33 44 F9,1
1524,2_BITS,"(4, 0);(7, 0)",A5 01 01 7F 05 11 22 32 44 F9,1
1525,2_BITS,"(4, 0);(7, 1)",A5 01 01 7F 05 11 22 31 44 F9,1
1526,2_BITS,"(4, 0);(7, 2)",A5 01 01 7F 05 11 22 37 44 F9,1
1527,2_BITS,"(4, 0);(7, 3)",A5 01 01 7F 05 11 22 3B 44 F9,1
1528,2_BITS,"(4, 0);(7, 4)",A5 01 01 7F 05 11 22 23 44 F9,1
1529,2_BITS,"(4, 0);(7, 5)",A5 01 01 7F 05 11 22 13 44 F9,1
1530,2_BITS,"(4, 0);(7, 6)",A5 01 01 7F 05 11 22 73 44 F9,1
1531,2_BITS,"(4, 0);(7, 7)",A5 01 01 7F 05 11 22 B3 44 F9,1
1532,2_BITS,"(4, 0);(8, 0)",A5 01 01 7F 05 11 22 33 45 F9,1
1533,2_BITS,"(4, 0);(8, 1)",A5 01 01 7F 05 11 22 33 46 F9,1
1534,2_BITS,"(4, 0);(8, 2)",A5 01 01 7F 05 11 22 33 40 F9,1
1535,2_BITS,"(4, 0);(8, 3)",A5 01 01 7F 05 11 22 33 4C F9,1
1536,2_BITS,"(4, 0);(8, 4)",A5 01 01 7F 05 11 22 33 54 F9,1
1537,2_BITS,"(4, 0);(8, 5)",A5 01 01 7F 05 11 22 33 64 F9,1
1538,2_BITS,"(4, 0);(8, 6)",A5 01 01 7F 05 11 22 33 04 F9,1
1539,2_BITS,"(4, 0);(8, 7)",A5 01 01 7F 05 11 22 33 C4 F9,1
1540,2_BITS,"(4, 0);(9, 0)",A5 01 01 7F 05 11 22 33 44 F8,1
1541,2_BITS,"(4, 0);(9, 1)",A5 01 01 7F 05 11 22 33 44 FB,1
1542,2_BITS,"(4, 0);(9, 2)",A5 01 01 7F 05 11 22 33 44 FD,1
1543,2_BITS,"(4, 0);(9, 3)",A5 01 01 7F 05 11 22 33 44 F1,1
1544,2_BITS,"(4, 0);(9, 4)",A5 01 01 7F 05 11 22 33 44 E9,1
1545,2_BITS,"(4, 0);(9, 5)",A5 01 01 7F 05 11 22 33 44 D9,1
1546,2_BITS,"(4, 0);(9, 6)",A5 01 01 7F 05 11 22 33 44 B9,1
1547,2_BITS,"(4, 0);(9, 7)",A5 01 01 7F 05 11 22 33 44 79,1
1548,2_BITS,"(4, 1);(4, 2)",A5 01 01 7F 02 11 22 33 44 F9,1
1549,2_BITS,"(4, 1);(4, 3)",A5 01 01 7F 0E 11 22 33 44 F9,1
1550,2_BITS,"(4, 1);(4, 4)",A5 01 01 7F 16 11 22 33 44 F9,1
1551,2_BITS,"(4, 1);(4, 5)",A5 01 01 7F 26 11 22 33 44 F9,1
1552,2_BITS,"(4, 1);(4, 6)",A5 01 01 7F 46 11 22 33 44 F9,1
1553,2_BITS,"(4, 1);(4, 7)",A5 01 01 7F 86 11 22 33 44 F9,1
1554,2_BITS,"(4, 1);(5, 0)",A5 01 01 7F 06 10 22 33 44 F9,1
1555,2_BITS,"(4, 1);(5, 1)",A5 01 01 7F 06 13 22 33 44 F9,1
1556,2_BITS,"(4, 1);(5, 2)",A5 01 01 7F 06 15 22 33 44 F9,1
1557,2_BITS,"(4, 1);(5, 3)",A5 01 01 7F 06 19 22 33 44 F9,1
1558,2_BITS,"(4, 1);(5, 4)",A5 01 01 7F 06 01 22 33 44 F9,1
1559,2_BITS,"(4, 1);(5, 5)",A5 01 01 7F 06 31 22 33 44 F9,1
1560,2_BITS,"(4, 1);(5, 6)",A5 01 01 7F 06 51 22 33 44 F9,1
1561,2_BITS,"(4, 1);(5, 7)",A5 01 01 7F 06 91 22 33 44 F9,1
1562,2_BITS,"(4, 1);(6, 0)",A5 01 01 7F 06 11 23 33 44 F9,1
1563,2_BITS,"(4, 1);(6, 1)",A5 01 01 7F 06 11 20 33 44 F9,1
1564,2_BITS,"(4, 1);(6, 2)",A5 01 01 7F 06 11 26 33 44 F9,1
1565,2_BITS,"(4, 1);(6, 3)",A5 01 01 7F 06 11 2A 33 44 F9,1
1566,2_BITS,"(4, 1);(6, 4)",A5 01 01 7F 06 11 32 33 44 F9,1
1567,2_BITS,"(4, 1);(6, 5)",A5 01 01 7F 06 11 02 33 44 F9,1
1568,2_BITS,"(4, 1);(6, 6)",A5 01 01 7F 06 11 62 33 44 F9,1
1569,2_BITS,"(4, 1);(6, 7)",A5 01 01 7F 06 11 A2 33 44 F9,1
1570,2_BITS,"(4, 1);(7, 0)",A5 01 01 7F 06 11 22 32 44 F9,1
1571,2_BITS,"(4, 1);(7, 1)",A5 01 01 7F 06 11 22 31 44 F9,1
1572,2_BITS,"(4, 1);(7, 2)",A5 01 01 7F 06 11 22 37 44 F9,1
1573,2_BITS,"(4, 1);(7, 3)",A5 01 01 7F 06 11 22 3B 44 F9,1
1574,2_BITS,"(4, 1);(7, 4)",A5 01 01 7F 06 11 22 23 44 F9,1
1575,2_BITS,"(4, 1);(7, 5)",A5 01 01 7F 06 11 22 13 44 F9,1
1576,2_BITS,"(4, 1);(7, 6)",A5 01 01 7F 06 11 22 73 44 F9,1
1577,2_BITS,"(4, 1);(7, 7)",A5 01 01 7F 06 11 22 B3 44 F9,1
1578,2_BITS,"(4, 1);(8, 0)",A5 01 01 7F 06 11 22 33 45 F9,1
1579,2_BITS,"(4, 1);(8, 1)",A5 01 01 7F 06 11 22 33 46 F9,1
1580,2_BITS,"(4, 1);(8, 2)",A5 01 01 7F 06 11 22 33 40 F9,1
1581,2_BITS,"(4, 1);(8, 3)",A5 01 01 7F 06 11 22 33 4C F9,1
1582,2_BITS,"(4, 1);(8, 4)",A5 01 01 7F 06 11 22 33 54 F9,1
1583,2_BITS,"(4, 1);(8, 5)",A5 01 01 7F 06 11 22 33 64 F9,1
1584,2_BITS,"(4, 1);(8, 6)",A5 01 01 7F 06 11 22 33 04 F9,1
1585,2_BITS,"(4, 1);(8, 7)",A5 01 01 7F 06 11 22 33 C4 F9,1
1586,2_BITS,"(4, 1);(9, 0)",A5 01 01 7F 06 11 22 33 44 F8,1
1587,2_BITS,"(4, 1);(9, 1)",A5 01 01 7F 06 11 22 33 44 FB,1
1588,2_BITS,"(4, 1);(9, 2)",A5 01 01 7F 06 11 22 33 44 FD,1
1589,2_BITS,"(4, 1);(9, 3)",A5 01 01 7F 06 11 22 33 44 F1,1
1590,2_BITS,"(4, 1);(9, 4)",A5 01 01 7F 06 11 22 33 44 E9,1
1591,2_BITS,"(4, 1);(9, 5)",A5 01 01 7F 06 11 22 33 44 D9,1
1592,2_BITS,"(4, 1);(9, 6)",A5 01 01 7F 06 11 22 33 44 B9,1
1593,2_BITS,"(4, 1);(9, 7)",A5 01 01 7F 06 11 22 33 44 79,1
1594,2_BITS,"(4, 2);(4, 3)",A5 01 01 7F 08 11 22 33 44 F9,1
1595,2_BITS,"(4, 2);(4, 4)",A5 01 01 7F 10 11 22 33 44 F9,1
1596,2_BITS,"(4, 2);(4, 5)",A5 01 01 7F 20 11 22 33 44 F9,1
1597,2_BITS,"(4, 2);(4, 6)",A5 01 01 7F 40 11 22 33 44 F9,1
1598,2_BITS,"(4, 2);(4, 7)",A5 01 01 7F 80 11 22 33 44 F9,1
1599,2_BITS,"(4, 2);(5, 0)",A5 01 01 7F 00 10 22 33 44 F9,1
1600,2_BITS,"(4, 2);(5, 1)",A5 01 01 7F 00 13 22 33 44 F9,1
1601,2_BITS,"(4, 2);(5, 2)",A5 01 01 7F 00 15 22 33 44 F9,1
1602,2_BITS,"(4, 2);(5, 3)",A5 01 01 7F 00 19 22 33 44 F9,1
1603,2_BITS,"(4, 2);(5, 4)",A5 01 01 7F 00 01 22 33 44 F9,1
1604,2_BITS,"(4, 2);(5, 5)",A5 01 01 7F 00 31 22 33 44 F9,1
1605,2_BITS,"(4, 2);(5, 6)",A5 01 01 7F 00 51 22 33 44 F9,1
1606,2_BITS,"(4, 2);(5, 7)",A5 01 01 7F 00 91 22 33 44 F9,1
1607,2_BITS,"(4, 2);(6, 0)",A5 01 01 7F 00 11 23 33 44 F9,1
1608,2_BITS,"(4, 2);(6, 1)",A5 01 01 7F 00 11 20 33 44 F9,1
1609,2_BITS,"(4, 2);(6, 2)",A5 01 01 7F 00 11 26 33 44 F9,1
1610,2_BITS,"(4, 2);(6, 3)",A5 01 01 7F 00 11 2A 33 44 F9,1
1611,2_BITS,"(4, 2);(6, 4)",A5 01 01 7F 00 11 32 33 44 F9,1
1612,2_BITS,"(4, 2);(6, 5)",A5 01 01 7F 00 11 02 33 44 F9,1
1613,2_BITS,"(4, 2);(6, 6)",A5 01 01 7F 00 11 62 33 44 F9,1
1614,2_BITS,"(4, 2);(6, 7)",A5 01 01 7F 00 11 A2 33 44 F9,1
1615,2_BITS,"(4, 2);(7, 0)",A5 01 01 7F 00 11 22 32 44 F9,1
1616,2_BITS,"(4, 2);(7, 1)",A5 01 01 7F 00 11 22 31 44 F9,1
1617,2_BITS,"(4, 2);(7, 2)",A5 01 01 7F 00 11 22 37 44 F9,1
1618,2_BITS,"(4, 2);(7, 3)",A5 01 01 7F 00 11 22 3B 44 F9,1
1619,2_BITS,"(4, 2);(7, 4)",A5 01 01 7F 00 11 22 23 44 F9,1
1620,2_BITS,"(4, 2);(7, 5)",A5 01 01 7F 00 11 22 13 44 F9,1
1621,2_BITS,"(4, 2);(7, 6)",A5 01 01 7F 00 11 22 73 44 F9,1
1622,2_BITS,"(4, 2);(7, 7)",A5 01 01 7F 00 11 22 B3 44 F9,1
1623,2_BITS,"(4, 2);(8, 0)",A5 01 01 7F 00 11 22 33 45 F9,1
1624,2_BITS,"(4, 2);(8, 1)",A5 01 01 7F 00 11 22 33 46 F9,1
1625,2_BITS,"(4, 2);(8, 2)",A5 01 01 7F 00 11 22 33 40 F9,1
1626,2_BITS,"(4, 2);(8, 3)",A5 01 01 7F 00 11 22 33 4C F9,1
1627,2_BITS,"(4, 2);(8, 4)",A5 01 01 7F 00 11 22 33 54 F9,1
1628,2_BITS,"(4, 2);(8, 5)",A5 01 01 7F 00 11 22 33 64 F9,1
1629,2_BITS,"(4, 2);(8, 6)",A5 01 01 7F 00 11 22 33 04 F9,1
1630,2_BITS,"(4, 2);(8, 7)",A5 01 01 7F 00 11 22 33 C4 F9,1
1631,2_BITS,"(4, 2);(9, 0)",A5 01 01 7F 00 11 22 33 44 F8,1
1632,2_BITS,"(4, 2);(9, 1)",A5 01 01 7F 00 11 22 33 44 FB,1
1633,2_BITS,"(4, 2);(9, 2)",A5 01 01 7F 00 11 22 33 44 FD,1
1634,2_BITS,"(4, 2);(9, 3)",A5 01 01 7F 00 11 22 33 44 F1,1
1635,2_BITS,"(4, 2);(9, 4)",A5 01 01 7F 00 11 22 33 44 E9,1
1636,2_BITS,"(4, 2);(9, 5)",A5 01 01 7F 00 11 22 33 44 D9,1
1637,2_BITS,"(4, 2);(9, 6)",A5 01 01 7F 00 11 22 33 44 B9,1
1638,2_BITS,"(4, 2);(9, 7)",A5 01 01 7F 00 11 22 33 44 79,1
1639,2_BITS,"(4, 3);(4, 4)",A5 01 01 7F 1C 11 22 33 44 F9,1
1640,2_BITS,"(4, 3);(4, 5)",A5 01 01 7F 2C 11 22 33 44 F9,1
1641,2_BITS,"(4, 3);(4, 6)",A5 01 01 7F 4C 11 22 33 44 F9,1
1642,2_BITS,"(4, 3);(4, 7)",A5 01 01 7F 8C 11 22 33 44 F9,1
1643,2_BITS,"(4, 3);(5, 0)",A5 01 01 7F 0C 10 22 33 44 F9,1
1644,2_BITS,"(4, 3);(5, 1)",A5 01 01 7F 0C 13 22 33 44 F9,1
1645,2_BITS,"(4, 3);(5, 2)",A5 01 01 7F 0C 15 22 33 44 F9,1
1646,2_BITS,"(4, 3);(5, 3)",A5 01 01 7F 0C 19 22 33 44 F9,1
1647,2_BITS,"(4, 3);(5, 4)",A5 01 01 7F 0C 01 22 33 44 F9,1
1648,2_BITS,"(4, 3);(5, 5)",A5 01 01 7F 0C 31 22 33 44 F9,1
1649,2_BITS,"(4, 3);(5, 6)",A5 01 01 7F 0C 51 22 33 44 F9,1
1650,2_BITS,"(4, 3);(5, 7)",A5 01 01 7F 0C 91 22 33 44 F9,1
1651,2_BITS,"(4, 3);(6, 0)",A5 01 01 7F 0C 11 23 33 44 F9,1
1652,2_BITS,"(4, 3);(6, 1)",A5 01 01 7F 0C 11 20 33 44 F9,1
1653,2_BITS,"(4, 3);(6, 2)",A5 01 01 7F 0C 11 26 33 44 F9,1
1654,2_BITS,"(4, 3);(6, 3)",A5 01 01 7F 0C 11 2A 33 44 F9,1
1655,2_BITS,"(4, 3);(6, 4)",A5 01 01 7F 0C 11 32 33 44 F9,1
1656,2_BITS,"(4, 3);(6, 5)",A5 01 01 7F 0C 11 02 33 44 F9,1
1657,2_BITS,"(4, 3);(6, 6)",A5 01 01 7F 0C 11 62 33 44 F9,1
1658,2_BITS,"(4, 3);(6, 7)",A5 01 01 7F 0C 11 A2 33 44 F9,1
1659,2_BITS,"(4, 3);(7, 0)",A5 01 01 7F 0C 11 22 32 44 F9,1
1660,2_BITS,"(4, 3);(7, 1)",A5 01 01 7F 0C 11 22 31 44 F9,1
1661,2_BITS,"(4, 3);(7, 2)",A5 01 01 7F 0C 11 22 37 44 F9,1
1662,2_BITS,"(4, 3);(7, 3)",A5 01 01 7F 0C 11 22 3B 44 F9,1
1663,2_BITS,"(4, 3);(7, 4)",A5 01 01 7F 0C 11 22 23 44 F9,1
1664,2_BITS,"(4, 3);(7, 5)",A5 01 01 7F 0C 11 22 13 44 F9,1
1665,2_BITS,"(4, 3);(7, 6)",A5 01 01 7F 0C 11 22 73 44 F9,1
1666,2_BITS,"(4, 3);(7, 7)",A5 01 01 7F 0C 11 22 B3 44 F9,1
1667,2_BITS,"(4, 3);(8, 0)",A5 01 01 7F 0C 11 22 33 45 F9,1
1668,2_BITS,"(4, 3);(8, 1)",A5 01 01 7F 0C 11 22 33 46 F9,1
1669,2_BITS,"(4, 3);(8, 2)",A5 01 01 7F 0C 11 22 33 40 F9,1
1670,2_BITS,"(4, 3);(8, 3)",A5 01 01 7F 0C 11 22 33 4C F9,1
1671,2_BITS,"(4, 3);(8, 4)",A5 01 01 7F 0C 11 22 33 54 F9,1
1672,2_BITS,"(4, 3);(8, 5)",A5 01 01 7F 0C 11 22 33 64 F9,1
1673,2_BITS,"(4, 3);(8, 6)",A5 01 01 7F 0C 11 22 33 04 F9,1
1674,2_BITS,"(4, 3);(8, 7)",A5 01 01 7F 0C 11 22 33 C4 F9,1
1675,2_BITS,"(4, 3);(9, 0)",A5 01 01 7F 0C 11 22 33 44 F8,1
1676,2_BITS,"(4, 3);(9, 1)",A5 01 01 7F 0C 11 22 33 44 FB,1
1677,2_BITS,"(4, 3);(9, 2)",A5 01 01 7F 0C 11 22 33 44 FD,1
1678,2_BITS,"(4, 3);(9, 3)",A5 01 01 7F 0C 11 22 33 44 F1,1
1679,2_BITS,"(4, 3);(9, 4)",A5 01 01 7F 0C 11 22 33 44 E9,1
1680,2_BITS,"(4, 3);(9, 5)",A5 01 01 7F 0C 11 22 33 44 D9,1
1681,2_BITS,"(4, 3);(9, 6)",A5 01 01 7F 0C 11 22 33 44 B9,1
1682,2_BITS,"(4, 3);(9, 7)",A5 01 01 7F 0C 11 22 33 44 79,1
1683,2_BITS,"(4, 4);(4, 5)",A5 01 01 7F 34 11 22 33 44 F9,1
1684,2_BITS,"(4, 4);(4, 6)",A5 01 01 7F 54 11 22 33 44 F9,1
1685,2_BITS,"(4, 4);(4, 7)",A5 01 01 7F 94 11 22 33 44 F9,1
1686,2_BITS,"(4, 4);(5, 0)",A5 01 01 7F 14 10 22 33 44 F9,1
1687,2_BITS,"(4, 4);(5, 1)",A5 01 01 7F 14 13 22 33 44 F9,1
1688,2_BITS,"(4, 4);(5, 2)",A5 01 01 7F 14 15 22 33 44 F9,1
1689,2_BITS,"(4, 4);(5, 3)",A5 01 01 7F 14 19 22 33 44 F9,1
1690,2_BITS,"(4, 4);(5, 4)",A5 01 01 7F 14 01 22 33 44 F9,1
1691,2_BITS,"(4, 4);(5, 5)",A5 01 01 7F 14 31 22 33 44 F9,1
1692,2_BITS,"(4, 4);(5, 6)",A5 01 01 7F 14 51 22 33 44 F9,1
1693,2_BITS,"(4, 4);(5, 7)",A5 01 01 7F 14 91 22 33 44 F9,1
1694,2_BITS,"(4, 4);(6, 0)",A5 01 01 7F 14 11 23 33 44 F9,1
1695,2_BITS,"(4, 4);(6, 1)",A5 01 01 7F 14 11 20 33 44 F9,1
1696,2_BITS,"(4, 4);(6, 2)",A5 01 01 7F 14 11 26 33 44 F9,1
1697,2_BITS,"(4, 4);(6, 3)",A5 01 01 7F 14 11 2A 33 44 F9,1
1698,2_BITS,"(4, 4);(6, 4)",A5 01 01 7F 14 11 32 33 44 F9,1
1699,2_BITS,"(4, 4);(6, 5)",A5 01 01 7F 14 11 02 33 44 F9,1
1700,2_BITS,"(4, 4);(6, 6)",A5 01 01 7F 14 11 62 33 44 F9,1
1701,2_BITS,"(4, 4);(6, 7)",A5 01 01 7F 14 11 A2 33 44 F9,1
1702,2_BITS,"(4, 4);(7, 0)",A5 01 01 7F 14 11 22 32 44 F9,1
1703,2_BITS,"(4, 4);(7, 1)",A5 01 01 7F 14 11 22 31 44 F9,1
1704,2_BITS,"(4, 4);(7, 2)",A5 01 01 7F 14 11 22 37 44 F9,1
1705,2_BITS,"(4, 4);(7, 3)",A5 01 01 7F 14 11 22 3B 44 F9,1
1706,2_BITS,"(4, 4);(7, 4)",A5 01 01 7F 14 11 22 23 44 F9,1
1707,2_BITS,"(4, 4);(7, 5)",A5 01 01 7F 14 11 22 13 44 F9,1
1708,2_BITS,"(4, 4);(7, 6)",A5 01 01 7F 14 11 22 73 44 F9,1
1709,2_BITS,"(4, 4);(7, 7)",A5 01 01 7F 14 11 22 B3 44 F9,1
1710,2_BITS,"(4, 4);(8, 0)",A5 01 01 7F 14 11 22 33 45 F9,1
1711,2_BITS,"(4, 4);(8, 1)",A5 01 01 7F 14 11 22 33 46 F9,1
1712,2_BITS,"(4, 4);(8, 2)",A5 01 01 7F 14 11 22 33 40 F9,1
1713,2_BITS,"(4, 4);(8, 3)",A5 01 01 7F 14 11 22 33 4C F9,1
1714,2_BITS,"(4, 4);(8, 4)",A5 01 01 7F 14 11 22 33 54 F9,1
1715,2_BITS,"(4, 4);(8, 5)",A5 01 01 7F 14 11 22 33 64 F9,1
1716,2_BITS,"(4, 4);(8, 6)",A5 01 01 7F 14 11 22 33 04 F9,1
1717,2_BITS,"(4, 4);(8, 7)",A5 01 01 7F 14 11 22 33 C4 F9,1
1718,2_BITS,"(4, 4);(9, 0)",A5 01 01 7F 14 11 22 33 44 F8,1
1719,2_BITS,"(4, 4);(9, 1)",A5 01 01 7F 14 11 22 33 44 FB,1
1720,2_BITS,"(4, 4);(9, 2)",A5 01 01 7F 14 11 22 33 44 FD,1
1721,2_BITS,"(4, 4);(9, 3)",A5 01 01 7F 14 11 22 33 44 F1,1
1722,2_BITS,"(4, 4);(9, 4)",A5 01 01 7F 14 11 22 33 44 E9,1
1723,2_BITS,"(4, 4);(9, 5)",A5 01 01 7F 14 11 22 33 44 D9,1
1724,2_BITS,"(4, 4);(9, 6)",A5 01 01 7F 14 11 22 33 44 B9,1
1725,2_BITS,"(4, 4);(9, 7)",A5 01 01 7F 14 11 22 33 44 79,1
1726,2_BITS,"(4, 5);(4, 6)",A5 01 01 7F 64 11 22 33 44 F9,1
1727,2_BITS,"(4, 5);(4, 7)",A5 01 01 7F A4 11 22 33 44 F9,1
1728,2_BITS,"(4, 5);(5, 0)",A5 01 01 7F 24 10 22 33 44 F9,1
1729,2_BITS,"(4, 5);(5, 1)",A5 01 01 7F 24 13 22 33 44 F9,1
1730,2_BITS,"(4, 5);(5, 2)",A5 01 01 7F 24 15 22 33 44 F9,1
1731,2_BITS,"(4, 5);(5, 3)",A5 01 01 7F 24 19 22 33 44 F9,1
1732,2_BITS,"(4, 5);(5, 4)",A5 01 01 7F 24 01 22 33 44 F9,1
1733,2_BITS,"(4, 5);(5, 5)",A5 01 01 7F 24 31 22 33 44 F9,1
1734,2_BITS,"(4, 5);(5, 6)",A5 01 01 7F 24 51 22 33 44 F9,1
1735,2_BITS,"(4, 5);(5, 7)",A5 01 01 7F 24 91 22 33 44 F9,1
1736,2_BITS,"(4, 5);(6, 0)",A5 01 01 7F 24 11 23 33 44 F9,1
1737,2_BITS,"(4, 5);(6, 1)",A5 01 01 7F 24 11 20 33 44 F9,1
1738,2_BITS,"(4, 5);(6, 2)",A5 01 01 7F 24 11 26 33 44 F9,1
1739,2_BITS,"(4, 5);(6, 3)",A5 01 01 7F 24 11 2A 33 44 F9,1
1740,2_BITS,"(4, 5);(6, 4)",A5 01 01 7F 24 11 32 33 44 F9,1
1741,2_BITS,"(4, 5);(6, 5)",A5 01 01 7F 24 11 02 33 44 F9,1
1742,2_BITS,"(4, 5);(6, 6)",A5 01 01 7F 24 11 62 33 44 F9,1
1743,2_BITS,"(4, 5);(6, 7)",A5 01 01 7F 24 11 A2 33 44 F9,1
1744,2_BITS,"(4, 5);(7, 0)",A5 01 01 7F 24 11 22 32 44 F9,1
1745,2_BITS,"(4, 5);(7, 1)",A5 01 01 7F 24 11 22 31 44 F9,1
1746,2_BITS,"(4, 5);(7, 2)",A5 01 01 7F 24 11 22 37 44 F9,1
1747,2_BITS,"(4, 5);(7, 3)",A5 01 01 7F 24 11 22 3B 44 F9,1
1748,2_BITS,"(4, 5);(7, 4)",A5 01 01 7F 24 11 22 23 44 F9,1
1749,2_BITS,"(4, 5);(7, 5)",A5 01 01 7F 24 11 22 13 44 F9,1
1750,2_BITS,"(4, 5);(7, 6)",A5 01 01 7F 24 11 22 73 44 F9,1
1751,2_BITS,"(4, 5);(7, 7)",A5 01 01 7F 24 11 22 B3 44 F9,1
1752,2_BITS,"(4, 5);(8, 0)",A5 01 01 7F 24 11 22 33 45 F9,1
1753,2_BITS,"(4, 5);(8, 1)",A5 01 01 7F 24 11 22 33 46 F9,1
1754,2_BITS,"(4, 5);(8, 2)",A5 01 01 7F 24 11 22 33 40 F9,1
1755,2_BITS,"(4, 5);(8, 3)",A5 01 01 7F 24 11 22 33 4C F9,1
1756,2_BITS,"(4, 5);(8, 4)",A5 01 01 7F 24 11 22 33 54 F9,1
1757,2_BITS,"(4, 5);(8, 5)",A5 01 01 7F 24 11 22 33 64 F9,1
1758,2_BITS,"(4, 5);(8, 6)",A5 01 01 7F 24 11 22 33 04 F9,1
1759,2_BITS,"(4, 5);(8, 7)",A5 01 01 7F 24 11 22 33 C4 F9,1
1760,2_BITS,"(4, 5);(9, 0)",A5 01 01 7F 24 11 22 33 44 F8,1
1761,2_BITS,"(4, 5);(9, 1)",A5 01 01 7F 24 11 22 33 44 FB,1
1762,2_BITS,"(4, 5);(9, 2)",A5 01 01 7F 24 11 22 33 44 FD,1
1763,2_BITS,"(4, 5);(9, 3)",A5 01 01 7F 24 11 22 33 44 F1,1
1764,2_BITS,"(4, 5);(9, 4)",A5 01 01 7F 24 11 22 33 44 E9,1
1765,2_BITS,"(4, 5);(9, 5)",A5 01 01 7F 24 11 22 33 44 D9,1
1766,2_BITS,"(4, 5);(9, 6)",A5 01 01 7F 24 11 22 33 44 B9,1
1767,2_BITS,"(4, 5);(9, 7)",A5 01 01 7F 24 11 22 33 44 79,1
1768,2_BITS,"(4, 6);(4, 7)",A5 01 01 7F C4 11 22 33 44 F9,1
1769,2_BITS,"(4, 6);(5, 0)",A5 01 01 7F 44 10 22 33 44 F9,1
1770,2_BITS,"(4, 6);(5, 1)",A5 01 01 7F 44 13 22 33 44 F9,1
1771,2_BITS,"(4, 6);(5, 2)",A5 01 01 7F 44 15 22 33 44 F9,1
1772,2_BITS,"(4, 6);(5, 3)",A5 01 01 7F 44 19 22 33 44 F9,1
1773,2_BITS,"(4, 6);(5, 4)",A5 01 01 7F 44 01 22 33 44 F9,1
1774,2_BITS,"(4, 6);(5, 5)",A5 01 01 7F 44 31 22 33 44 F9,1
1775,2_BITS,"(4, 6);(5, 6)",A5 01 01 7F 44 51 22 33 44 F9,1
1776,2_BITS,"(4, 6);(5, 7)",A5 01 01 7F 44 91 22 33 44 F9,1
1777,2_BITS,"(4, 6);(6, 0)",A5 01 01 7F 44 11 23 33 44 F9,1
1778,2_BITS,"(4, 6);(6, 1)",A5 01 01 7F 44 11 20 33 44 F9,1
1779,2_BITS,"(4, 6);(6, 2)",A5 01 01 7F 44 11 26 33 44 F9,1
1780,2_BITS,"(4, 6);(6, 3)",A5 01 01 7F 44 11 2A 33 44 F9,1
1781,2_BITS,"(4, 6);(6, 4)",A5 01 01 7F 44 11 32 33 44 F9,1
1782,2_BITS,"(4, 6);(6, 5)",A5 01 01 7F 44 11 02 33 44 F9,1
1783,2_BITS,"(4, 6);(6, 6)",A5 01 01 7F 44 11 62 33 44 F9,1
1784,2_BITS,"(4, 6);(6, 7)",A5 01 01 7F 44 11 A2 33 44 F9,1
1785,2_BITS,"(4, 6);(7, 0)",A5 01 01 7F 44 11 22 32 44 F9,1
1786,2_BITS,"(4, 6);(7, 1)",A5 01 01 7F 44 11 22 31 44 F9,1
1787,2_BITS,"(4, 6);(7, 2)",A5 01 01 7F 44 11 22 37 44 F9,1
1788,2_BITS,"(4, 6);(7, 3)",A5 01 01 7F 44 11 22 3B 44 F9,1
1789,2_BITS,"(4, 6);(7, 4)",A5 01 01 7F 44 11 22 23 44 F9,1
1790,2_BITS,"(4, 6);(7, 5)",A5 01 01 7F 44 11 22 13 44 F9,1
1791,2_BITS,"(4, 6);(7, 6)",A5 01 01 7F 44 11 22 73 44 F9,1
1792,2_BITS,"(4, 6);(7, 7)",A5 01 01 7F 44 11 22 B3 44 F9,1
1793,2_BITS,"(4, 6);(8, 0)",A5 01 01 7F 44 11 22 33 45 F9,1
1794,2_BITS,"(4, 6);(8, 1)",A5 01 01 7F 44 11 22 33 46 F9,1
1795,2_BITS,"(4, 6);(8, 2)",A5 01 01 7F 44 11 22 33 40 F9,1
1796,2_BITS,"(4, 6);(8, 3)",A5 01 01 7F 44 11 22 33 4C F9,1
1797,2_BITS,"(4, 6);(8, 4)",A5 01 01 7F 44 11 22 33 54 F9,1
1798,2_BITS,"(4, 6);(8, 5)",A5 01 01 7F 44 11 22 33 64 F9,1
1799,2_BITS,"(4, 6);(8, 6)",A5 01 01 7F 44 11 22 33 04 F9,1
1800,2_BITS,"(4, 6);(8, 7)",A5 01 01 7F 44 11 22 33 C4 F9,1
1801,2_BITS,"(4, 6);(9, 0)",A5 01 01 7F 44 11 22 33 44 F8,1
1802,2_BITS,"(4, 6);(9, 1)",A5 01 01 7F 44 11 22 33 44 FB,1
1803,2_BITS,"(4, 6);(9, 2)",A5 01 01 7F 44 11 22 33 44 FD,1
1804,2_BITS,"(4, 6);(9, 3)",A5 01 01 7F 44 11 22 33 44 F1,1
1805,2_BITS,"(4, 6);(9, 4)",A5 01 01 7F 44 11 22 33 44 E9,1
1806,2_BITS,"(4, 6);(9, 5)",A5 01 01 7F 44 11 22 33 44 D9,1
1807,2_BITS,"(4, 6);(9, 6)",A5 01 01 7F 44 11 22 33 44 B9,1
1808,2_BITS,"(4, 6);(9, 7)",A5 01 01 7F 44 11 22 33 44 79,1
1809,2_BITS,"(4, 7);(5, 0)",A5 01 01 7F 84 10 22 33 44 F9,1
1810,2_BITS,"(4, 7);(5, 1)",A5 01 01 7F 84 13 22 33 44 F9,1
1811,2_BITS,"(4, 7);(5, 2)",A5 01 01 7F 84 15 22 33 44 F9,1
1812,2_BITS,"(4, 7);(5, 3)",A5 01 01 7F 84 19 22 33 44 F9,1
1813,2_BITS,"(4, 7);(5, 4)",A5 01 01 7F 84 01 22 33 44 F9,1
1814,2_BITS,"(4, 7);(5, 5)",A5 01 01 7F 84 31 22 33 44 F9,1
1815,2_BITS,"(4, 7);(5, 6)",A5 01 01 7F 84 51 22 33 44 F9,1
1816,2_BITS,"(4, 7);(5, 7)",A5 01 01 7F 84 91 22 33 44 F9,1
1817,2_BITS,"(4, 7);(6, 0)",A5 01 01 7F 84 11 23 33 44 F9,1
1818,2_BITS,"(4, 7);(6, 1)",A5 01 01 7F 84 11 20 33 44 F9,1
1819,2_BITS,"(4, 7);(6, 2)",A5 01 01 7F 84 11 26 33 44 F9,1
1820,2_BITS,"(4, 7);(6, 3)",A5 01 01 7F 84 11 2A 33 44 F9,1
1821,2_BITS,"(4, 7);(6, 4)",A5 01 01 7F 84 11 32 33 44 F9,1
1822,2_BITS,"(4, 7);(6, 5)",A5 01 01 7F 84 11 02 33 44 F9,1
1823,2_BITS,"(4, 7);(6, 6)",A5 01 01 7F 84 11 62 33 44 F9,1
1824,2_BITS,"(4, 7);(6, 7)",A5 01 01 7F 84 11 A2 33 44 F9,1
1825,2_BITS,"(4, 7);(7, 0)",A5 01 01 7F 84 11 22 32 44 F9,1
1826,2_BITS,"(4, 7);(7, 1)",A5 01 01 7F 84 11 22 31 44 F9,1
1827,2_BITS,"(4, 7);(7, 2)",A5 01 01 7F 84 11 22 37 44 F9,1
1828,2_BITS,"(4, 7);(7, 3)",A5 01 01 7F 84 11 22 3B 44 F9,1
1829,2_BITS,"(4, 7);(7, 4)",A5 01 01 7F 84 11 22 23 44 F9,1
1830,2_BITS,"(4, 7);(7, 5)",A5 01 01 7F 84 11 22 13 44 F9,1
1831,2_BITS,"(4, 7);(7, 6)",A5 01 01 7F 84 11 22 73 44 F9,1
1832,2_BITS,"(4, 7);(7, 7)",A5 01 01 7F 84 11 22 B3 44 F9,1
1833,2_BITS,"(4, 7);(8, 0)",A5 01 01 7F 84 11 22 33 45 F9,1
1834,2_BITS,"(4, 7);(8, 1)",A5 01 01 7F 84 11 22 33 46 F9,1
1835,2_BITS,"(4, 7);(8, 2)",A5 01 01 7F 84 11 22 33 40 F9,1
1836,2_BITS,"(4, 7);(8, 3)",A5 01 01 7F 84 11 22 33 4C F9,1
1837,2_BITS,"(4, 7);(8, 4)",A5 01 01 7F 84 11 22 33 54 F9,1
1838,2_BITS,"(4, 7);(8, 5)",A5 01 01 7F 84 11 22 33 64 F9,1
1839,2_BITS,"(4, 7);(8, 6)",A5 01 01 7F 84 11 22 33 04 F9,1
1840,2_BITS,"(4, 7);(8, 7)",A5 01 01 7F 84 11 22 33 C4 F9,1
1841,2_BITS,"(4, 7);(9, 0)",A5 01 01 7F 84 11 22 33 44 F8,1
1842,2_BITS,"(4, 7);(9, 1)",A5 01 01 7F 84 11 22 33 44 FB,1
1843,2_BITS,"(4, 7);(9, 2)",A5 01 01 7F 84 11 22 33 44 FD,1
1844,2_BITS,"(4, 7);(9, 3)",A5 01 01 7F 84 11 22 33 44 F1,1
1845,2_BITS,"(4, 7);(9, 4)",A5 01 01 7F 84 11 22 33 44 E9,1
1846,2_BITS,"(4, 7);(9, 5)",A5 01 01 7F 84 11 22 33 44 D9,1
1847,2_BITS,"(4, 7);(9, 6)",A5 01 01 7F 84 11 22 33 44 B9,1
1848,2_BITS,"(4, 7);(9, 7)",A5 01 01 7F 84 11 22 33 44 79,1
1849,2_BITS,"(5, 0);(5, 1)",A5 01 01 7F 04 12 22 33 44 F9,1
1850,2_BITS,"(5, 0);(5, 2)",A5 01 01 7F 04 14 22 33 44 F9,1
1851,2_BITS,"(5, 0);(5, 3)",A5 01 01 7F 04 18 22 33 44 F9,1
1852,2_BITS,"(5, 0);(5, 4)",A5 01 01 7F 04 00 22 33 44 F9,1
1853,2_BITS,"(5, 0);(5, 5)",A5 01 01 7F 04 30 22 33 44 F9,1
1854,2_BITS,"(5, 0);(5, 6)",A5 01 01 7F 04 50 22 33 44 F9,1
1855,2_BITS,"(5, 0);(5, 7)",A5 01 01 7F 04 90 22 33 44 F9,1
1856,2_BITS,"(5, 0);(6, 0)",A5 01 01 7F 04 10 23 33 44 F9,1
1857,2_BITS,"(5, 0);(6, 1)",A5 01 01 7F 04 10 20 33 44 F9,1
1858,2_BITS,"(5, 0);(6, 2)",A5 01 01 7F 04 10 26 33 44 F9,1
1859,2_BITS,"(5, 0);(6, 3)",A5 01 01 7F 04 10 2A 33 44 F9,1
1860,2_BITS,"(5, 0);(6, 4)",A5 01 01 7F 04 10 32 33 44 F9,1
1861,2_BITS,"(5, 0);(6, 5)",A5 01 01 7F 04 10 02 33 44 F9,1
1862,2_BITS,"(5, 0);(6, 6)",A5 01 01 7F 04 10 62 33 44 F9,1
1863,2_BITS,"(5, 0);(6, 7)",A5 01 01 7F 04 10 A2 33 44 F9,1
1864,2_BITS,"(5, 0);(7, 0)",A5 01 01 7F 04 10 22 32 44 F9,1
1865,2_BITS,"(5, 0);(7, 1)",A5 01 01 7F 04 10 22 31 44 F9,1
1866,2_BITS,"(5, 0);(7, 2)",A5 01 01 7F 04 10 22 37 44 F9,1
1867,2_BITS,"(5, 0);(7, 3)",A5 01 01 7F 04 10 22 3B 44 F9,1
1868,2_BITS,"(5, 0);(7, 4)",A5 01 01 7F 04 10 22 23 44 F9,1
1869,2_BITS,"(5, 0);(7, 5)",A5 01 01 7F 04 10 22 13 44 F9,1
1870,2_BITS,"(5, 0);(7, 6)",A5 01 01 7F 04 10 22 73 44 F9,1
1871,2_BITS,"(5, 0);(7, 7)",A5 01 01 7F 04 10 22 B3 44 F9,1
1872,2_BITS,"(5, 0);(8, 0)",A5 01 01 7F 04 10 22 33 45 F9,1
1873,2_BITS,"(5, 0);(8, 1)",A5 01 01 7F 04 10 22 33 46 F9,1
1874,2_BITS,"(5, 0);(8, 2)",A5 01 01 7F 04 10 22 33 40 F9,1
1875,2_BITS,"(5, 0);(8, 3)",A5 01 01 7F 04 10 22 33 4C F9,1
1876,2_BITS,"(5, 0);(8, 4)",A5 01 01 7F 04 10 22 33 54 F9,1
1877,2_BITS,"(5, 0);(8, 5)",A5 01 01 7F 04 10 22 33 64 F9,1
1878,2_BITS,"(5, 0);(8, 6)",A5 01 01 7F 04 10 22 33 04 F9,1
1879,2_BITS,"(5, 0);(8, 7)",A5 01 01 7F 04 10 22 33 C4 F9,1
1880,2_BITS,"(5, 0);(9, 0)",A5 01 01 7F 04 10 22 33 44 F8,1
1881,2_BITS,"(5, 0);(9, 1)",A5 01 01 7F 04 10 22 33 44 FB,1
1882,2_BITS,"(5, 0);(9, 2)",A5 01 01 7F 04 10 22 33 44 FD,1
1883,2_BITS,"(5, 0);(9, 3)",A5 01 01 7F 04 10 22 33 44 F1,1
1884,2_BITS,"(5, 0);(9, 4)",A5 01 01 7F 04 10 22 33 44 E9,1
1885,2_BITS,"(5, 0);(9, 5)",A5 01 01 7F 04 10 22 33 44 D9,1
1886,2_BITS,"(5, 0);(9, 6)",A5 01 01 7F 04 10 22 33 44 B9,1
1887,2_BITS,"(5, 0);(9, 7)",A5 01 01 7F 04 10 22 33 44 79,1
1888,2_BITS,"(5, 1);(5, 2)",A5 01 01 7F 04 17 22 33 44 F9,1
1889,2_BITS,"(5, 1);(5, 3)",A5 01 01 7F 04 1B 22 33 44 F9,1
1890,2_BITS,"(5, 1);(5, 4)",A5 01 01 7F 04 03 22 33 44 F9,1
1891,2_BITS,"(5, 1);(5, 5)",A5 01 01 7F 04 33 22 33 44 F9,1
1892,2_BITS,"(5, 1);(5, 6)",A5 01 01 7F 04 53 22 33 44 F9,1
1893,2_BITS,"(5, 1);(5, 7)",A5 01 01 7F 04 93 22 33 44 F9,1
1894,2_BITS,"(5, 1);(6, 0)",A5 01 01 7F 04 13 23 33 44 F9,1
1895,2_BITS,"(5, 1);(6, 1)",A5 01 01 7F 04 13 20 33 44 F9,1
1896,2_BITS,"(5, 1);(6, 2)",A5 01 01 7F 04 13 26 33 44 F9,1
1897,2_BITS,"(5, 1);(6, 3)",A5 01 01 7F 04 13 2A 33 44 F9,1
1898,2_BITS,"(5, 1);(6, 4)",A5 01 01 7F 04 13 32 33 44 F9,1
1899,2_BITS,"(5, 1);(6, 5)",A5 01 01 7F 04 13 02 33 44 F9,1
1900,2_BITS,"(5, 1);(6, 6)",A5 01 01 7F 04 13 62 33 44 F9,1
1901,2_BITS,"(5, 1);(6, 7)",A5 01 01 7F 04 13 A2 33 44 F9,1
1902,2_BITS,"(5, 1);(7, 0)",A5 01 01 7F 04 13 22 32 44 F9,1
1903,2_BITS,"(5, 1);(7, 1)",A5 01 01 7F 04 13 22 31 44 F9,1
1904,2_BITS,"(5, 1);(7, 2)",A5 01 01 7F 04 13 22 37 44 F9,1
1905,2_BITS,"(5, 1);(7, 3)",A5 01 01 7F 04 13 22 3B 44 F9,1
1906,2_BITS,"(5, 1);(7, 4)",A5 01 01 7F 04 13 22 23 44 F9,1
1907,2_BITS,"(5, 1);(7, 5)",A5 01 01 7F 04 13 22 13 44 F9,1
1908,2_BITS,"(5, 1);(7, 6)",A5 01 01 7F 04 13 22 73 44 F9,1
1909,2_BITS,"(5, 1);(7, 7)",A5 01 01 7F 04 13 22 B3 44 F9,1
1910,2_BITS,"(5, 1);(8, 0)",A5 01 01 7F 04 13 22 33 45 F9,1
1911,2_BITS,"(5, 1);(8, 1)",A5 01 01 7F 04 13 22 33 46 F9,1
1912,2_BITS,"(5, 1);(8, 2)",A5 01 01 7F 04 13 22 33 40 F9,1
1913,2_BITS,"(5, 1);(8, 3)",A5 01 01 7F 04 13 22 33 4C F9,1
1914,2_BITS,"(5, 1);(8, 4)",A5 01 01 7F 04 13 22 33 54 F9,1
1915,2_BITS,"(5, 1);(8, 5)",A5 01 01 7F 04 13 22 33 64 F9,1
1916,2_BITS,"(5, 1);(8, 6)",A5 01 01 7F 04 13 22 33 04 F9,1
1917,2_BITS,"(5, 1);(8, 7)",A5 01 01 7F 04 13 22 33 C4 F9,1
1918,2_BITS,"(5, 1);(9, 0)",A5 01 01 7F 04 13 22 33 44 F8,1
1919,2_BITS,"(5, 1);(9, 1)",A5 01 01 7F 04 13 22 33 44 FB,1
1920,2_BITS,"(5, 1);(9, 2)",A5 01 01 7F 04 13 22 33 44 FD,1
1921,2_BITS,"(5, 1);(9, 3)",A5 01 01 7F 04 13 22 33 44 F1,1
1922,2_BITS,"(5, 1);(9, 4)",A5 01 01 7F 04 13 22 33 44 E9,1
1923,2_BITS,"(5, 1);(9, 5)",A5 01 01 7F 04 13 22 33 44 D9,1
1924,2_BITS,"(5, 1);(9, 6)",A5 01 01 7F 04 13 22 33 44 B9,1
1925,2_BITS,"(5, 1);(9, 7)",A5 01 01 7F 04 13 22 33 44 79,1
1926,2_BITS,"(5, 2);(5, 3)",A5 01 01 7F 04 1D 22 33 44 F9,1
1927,2_BITS,"(5, 2);(5, 4)",A5 01 01 7F 04 05 22 33 44 F9,1
1928,2_BITS,"(5, 2);(5, 5)",A5 01 01 7F 04 35 22 33 44 F9,1
1929,2_BITS,"(5, 2);(5, 6)",A5 01 01 7F 04 55 22 33 44 F9,1
1930,2_BITS,"(5, 2);(5, 7)",A5 01 01 7F 04 95 22 33 44 F9,1
1931,2_BITS,"(5, 2);(6, 0)",A5 01 01 7F 04 15 23 33 44 F9,1
1932,2_BITS,"(5, 2);(6, 1)",A5 01 01 7F 04 15 20 33 44 F9,1
1933,2_BITS,"(5, 2);(6, 2)",A5 01 01 7F 04 15 26 33 44 F9,1
1934,2_BITS,"(5, 2);(6, 3)",A5 01 01 7F 04 15 2A 33 44 F9,1
1935,2_BITS,"(5, 2);(6, 4)",A5 01 01 7F 04 15 32 33 44 F9,1
1936,2_BITS,"(5, 2);(6, 5)",A5 01 01 7F 04 15 02 33 44 F9,1
1937,2_BITS,"(5, 2);(6, 6)",A5 01 01 7F 04 15 62 33 44 F9,1
1938,2_BITS,"(5, 2);(6, 7)",A5 01 01 7F 04 15 A2 33 44 F9,1
1939,2_BITS,"(5, 2);(7, 0)",A5 01 01 7F 04 15 22 32 44 F9,1
1940,2_BITS,"(5, 2);(7, 1)",A5 01 01 7F 04 15 22 31 44 F9,1
1941,2_BITS,"(5, 2);(7, 2)",A5 01 01 7F 04 15 22 37 44 F9,1
1942,2_BITS,"(5, 2);(7, 3)",A5 01 01 7F 04 15 22 3B 44 F9,1
1943,2_BITS,"(5, 2);(7, 4)",A5 01 01 7F 04 15 22 23 44 F9,1
1944,2_BITS,"(5, 2);(7, 5)",A5 01 01 7F 04 15 22 13 44 F9,1
1945,2_BITS,"(5, 2);(7, 6)",A5 01 01 7F 04 15 22 73 44 F9,1
1946,2_BITS,"(5, 2);(7, 7)",A5 01 01 7F 04 15 22 B3 44 F9,1
1947,2_BITS,"(5, 2);(8, 0)",A5 01 01 7F 04 15 22 33 45 F9,1
1948,2_BITS,"(5, 2);(8, 1)",A5 01 01 7F 04 15 22 33 46 F9,1
1949,2_BITS,"(5, 2);(8, 2)",A5 01 01 7F 04 15 22 33 40 F9,1
1950,2_BITS,"(5, 2);(8, 3)",A5 01 01 7F 04 15 22 33 4C F9,1
1951,2_BITS,"(5, 2);(8, 4)",A5 01 01 7F 04 15 22 33 54 F9,1
1952,2_BITS,"(5, 2);(8, 5)",A5 01 01 7F 04 15 22 33 64 F9,1
1953,2_BITS,"(5, 2);(8, 6)",A5 01 01 7F 04 15 22 33 04 F9,1
1954,2_BITS,"(5, 2);(8, 7)",A5 01 01 7F 04 15 22 33 C4 F9,1
1955,2_BITS,"(5, 2);(9, 0)",A5 01 01 7F 04 15 22 33 44 F8,1
1956,2_BITS,"(5, 2);(9, 1)",A5 01 01 7F 04 15 22 33 44 FB,1
1957,2_BITS,"(5, 2);(9, 2)",A5 01 01 7F 04 15 22 33 44 FD,1
1958,2_BITS,"(5, 2);(9, 3)",A5 01 01 7F 04 15 22 33 44 F1,1
1959,2_BITS,"(5, 2);(9, 4)",A5 01 01 7F 04 15 22 33 44 E9,1
1960,2_BITS,"(5, 2);(9, 5)",A5 01 01 7F 04 15 22 33 44 D9,1
1961,2_BITS,"(5, 2);(9, 6)",A5 01 01 7F 04 15 22 33 44 B9,1
1962,2_BITS,"(5, 2);(9, 7)",A5 01 01 7F 04 15 22 33 44 79,1
1963,2_BITS,"(5, 3);(5, 4)",A5 01 01 7F 04 09 22 33 44 F9,1
1964,2_BITS,"(5, 3);(5, 5)",A5 01 01 7F 04 39 22 33 44 F9,1
1965,2_BITS,"(5, 3);(5, 6)",A5 01 01 7F 04 59 22 33 44 F9,1
1966,2_BITS,"(5, 3);(5, 7)",A5 01 01 7F 04 99 22 33 44 F9,1
1967,2_BITS,"(5, 3);(6, 0)",A5 01 01 7F 04 19 23 33 44 F9,1
1968,2_BITS,"(5, 3);(6, 1)",A5 01 01 7F 04 19 20 33 44 F9,1
1969,2_BITS,"(5, 3);(6, 2)",A5 01 01 7F 04 19 26 33 44 F9,1
1970,2_BITS,"(5, 3);(6, 3)",A5 01 01 7F 04 19 2A 33 44 F9,1
1971,2_BITS,"(5, 3);(6, 4)",A5 01 01 7F 04 19 32 33 44 F9,1
1972,2_BITS,"(5, 3);(6, 5)",A5 01 01 7F 04 19 02 33 44 F9,1
1973,2_BITS,"(5, 3);(6, 6)",A5 01 01 7F 04 19 62 33 44 F9,1
1974,2_BITS,"(5, 3);(6, 7)",A5 01 01 7F 04 19 A2 33 44 F9,1
1975,2_BITS,"(5, 3);(7, 0)",A5 01 01 7F 04 19 22 32 44 F9,1
1976,2_BITS,"(5, 3);(7, 1)",A5 01 01 7F 04 19 22 31 44 F9,1
1977,2_BITS,"(5, 3);(7, 2)",A5 01 01 7F 04 19 22 37 44 F9,1
1978,2_BITS,"(5, 3);(7, 3)",A5 01 01 7F 04 19 22 3B 44 F9,1
1979,2_BITS,"(5, 3);(7, 4)",A5 01 01 7F 04 19 22 23 44 F9,1
1980,2_BITS,"(5, 3);(7, 5)",A5 01 01 7F 04 19 22 13 44 F9,1
1981,2_BITS,"(5, 3);(7, 6)",A5 01 01 7F 04 19 22 73 44 F9,1
1982,2_BITS,"(5, 3);(7, 7)",A5 01 01 7F 04 19 22 B3 44 F9,1
1983,2_BITS,"(5, 3);(8, 0)",A5 01 01 7F 04 19 22 33 45 F9,1
1984,2_BITS,"(5, 3);(8, 1)",A5 01 01 7F 04 19 22 33 46 F9,1
1985,2_BITS,"(5, 3);(8, 2)",A5 01 01 7F 04 19 22 33 40 F9,1
1986,2_BITS,"(5, 3);(8, 3)",A5 01 01 7F 04 19 22 33 4C F9,1
1987,2_BITS,"(5, 3);(8, 4)",A5 01 01 7F 04 19 22 33 54 F9,1
1988,2_BITS,"(5, 3);(8, 5)",A5 01 01 7F 04 19 22 33 64 F9,1
1989,2_BITS,"(5, 3);(8, 6)",A5 01 01 7F 04 19 22 33 04 F9,1
1990,2_BITS,"(5, 3);(8, 7)",A5 01 01 7F 04 19 22 33 C4 F9,1
1991,2_BITS,"(5, 3);(9, 0)",A5 01 01 7F 04 19 22 33 44 F8,1
1992,2_BITS,"(5, 3);(9, 1)",A5 01 01 7F 04 19 22 33 44 FB,1
1993,2_BITS,"(5, 3);(9, 2)",A5 01 01 7F 04 19 22 33 44 FD,1
1994,2_BITS,"(5, 3);(9, 3)",A5 01 01 7F 04 19 22 33 44 F1,1
1995,2_BITS,"(5, 3);(9, 4)",A5 01 01 7F 04 19 22 33 44 E9,1
1996,2_BITS,"(5, 3);(9, 5)",A5 01 01 7F 04 19 22 33 44 D9,1
1997,2_BITS,"(5, 3);(9, 6)",A5 01 01 7F 04 19 22 33 44 B9,1
1998,2_BITS,"(5, 3);(9, 7)",A5 01 01 7F 04 19 22 33 44 79,1
1999,2_BITS,"(5, 4);(5, 5)",A5 01 01 7F 04 21 22 33 44 F9,1
2000,2_BITS,"(5, 4);(5, 6)",A5 01 01 7F 04 41 22 33 44 F9,1
2001,2_BITS,"(5, 4);(5, 7)",A5 01 01 7F 04 81 22 33 44 F9,1
2002,2_BITS,"(5, 4);(6, 0)",A5 01 01 7F 04 01 23 33 44 F9,1
2003,2_BITS,"(5, 4);(6, 1)",A5 01 01 7F 04 01 20 33 44 F9,1
2004,2_BITS,"(5, 4);(6, 2)",A5 01 01 7F 04 01 26 33 44 F9,1
2005,2_BITS,"(5, 4);(6, 3)",A5 01 01 7F 04 01 2A 33 44 F9,1
2006,2_BITS,"(5, 4);(6, 4)",A5 01 01 7F 04 01 32 33 44 F9,1
2007,2_BITS,"(5, 4);(6, 5)",A5 01 01 7F 04 01 02 33 44 F9,1
2008,2_BITS,"(5, 4);(6, 6)",A5 01 01 7F 04 01 62 33 44 F9,1
2009,2_BITS,"(5, 4);(6, 7)",A5 01 01 7F 04 01 A2 33 44 F9,1
2010,2_BITS,"(5, 4);(7, 0)",A5 01 01 7F 04 01 22 32 44 F9,1
2011,2_BITS,"(5, 4);(7, 1)",A5 01 01 7F 04 01 22 31 44 F9,1
2012,2_BITS,"(5, 4);(7, 2)",A5 01 01 7F 04 01 22 37 44 F9,1
2013,2_BITS,"(5, 4);(7, 3)",A5 01 01 7F 04 01 22 3B 44 F9,1
2014,2_BITS,"(5, 4);(7, 4)",A5 01 01 7F 04 01 22 23 44 F9,1
2015,2_BITS,"(5, 4);(7, 5)",A5 01 01 7F 04 01 22 13 44 F9,1
2016,2_BITS,"(5, 4);(7, 6)",A5 01 01 7F 04 01 22 73 44 F9,1
2017,2_BITS,"(5, 4);(7, 7)",A5 01 01 7F 04 01 22 B3 44 F9,1
2018,2_BITS,"(5, 4);(8, 0)",A5 01 01 7F 04 01 22 33 45 F9,1
2019,2_BITS,"(5, 4);(8, 1)",A5 01 01 7F 04 01 22 33 46 F9,1
2020,2_BITS,"(5, 4);(8, 2)",A5 01 01 7F 04 01 22 33 40 F9,1
2021,2_BITS,"(5, 4);(8, 3)",A5 01 01 7F 04 01 22 33 4C F9,1
2022,2_BITS,"(5, 4);(8, 4)",A5 01 01 7F 04 01 22 33 54 F9,1
2023,2_BITS,"(5, 4);(8, 5)",A5 01 01 7F 04 01 22 33 64 F9,1
2024,2_BITS,"(5, 4);(8, 6)",A5 01 01 7F 04 01 22 33 04 F9,1
2025,2_BITS,"(5, 4);(8, 7)",A5 01 01 7F 04 01 22 33 C4 F9,1
2026,2_BITS,"(5, 4);(9, 0)",A5 01 01 7F 04 01 22 33 44 F8,1
2027,2_BITS,"(5, 4);(9, 1)",A5 01 01 7F 04 01 22 33 44 FB,1
2028,2_BITS,"(5, 4);(9, 2)",A5 01 01 7F 04 01 22 33 44 FD,1
2029,2_BITS,"(5, 4);(9, 3)",A5 01 01 7F 04 01 22 33 44 F1,1
2030,2_BITS,"(5, 4);(9, 4)",A5 01 01 7F 04 01 22 33 44 E9,1
2031,2_BITS,"(5, 4);(9, 5)",A5 01 01 7F 04 01 22 33 44 D9,1
2032,2_BITS,"(5, 4);(9, 6)",A5 01 01 7F 04 01 22 33 44 B9,1
2033,2_BITS,"(5, 4);(9, 7)",A5 01 01 7F 04 01 22 33 44 79,1
2034,2_BITS,"(5, 5);(5, 6)",A5 01 01 7F 04 71 22 33 44 F9,1
2035,2_BITS,"(5, 5);(5, 7)",A5 01 01 7F 04 B1 22 33 44 F9,1
2036,2_BITS,"(5, 5);(6, 0)",A5 01 01 7F 04 31 23 33 44 F9,1
2037,2_BITS,"(5, 5);(6, 1)",A5 01 01 7F 04 31 20 33 44 F9,1
2038,2_BITS,"(5, 5);(6, 2)",A5 01 01 7F 04 31 26 33 44 F9,1
2039,2_BITS,"(5, 5);(6, 3)",A5 01 01 7F 04 31 2A 33 44 F9,1
2040,2_BITS,"(5, 5);(6, 4)",A5 01 01 7F 04 31 32 33 44 F9,1
2041,2_BITS,"(5, 5);(6, 5)",A5 01 01 7F 04 31 02 33 44 F9,1
2042,2_BITS,"(5, 5);(6, 6)",A5 01 01 7F 04 31 62 33 44 F9,1
2043,2_BITS,"(5, 5);(6, 7)",A5 01 01 7F 04 31 A2 33 44 F9,1
2044,2_BITS,"(5, 5);(7, 0)",A5 01 01 7F 04 31 22 32 44 F9,1
2045,2_BITS,"(5, 5);(7, 1)",A5 01 01 7F 04 31 22 31 44 F9,1
2046,2_BITS,"(5, 5);(7, 2)",A5 01 01 7F 04 31 22 37 44 F9,1
2047,2_BITS,"(5, 5);(7, 3)",A5 01 01 7F 04 31 22 3B 44 F9,1
2048,2_BITS,"(5, 5);(7, 4)",A5 01 01 7F 04 31 22 23 44 F9,1
2049,2_BITS,"(5, 5);(7, 5)",A5 01 01 7F 04 31 22 13 44 F9,1
2050,2_BITS,"(5, 5);(7, 6)",A5 01 01 7F 04 31 22 73 44 F9,1
2051,2_BITS,"(5, 5);(7, 7)",A5 01 01 7F 04 31 22 B3 44 F9,1
2052,2_BITS,"(5, 5);(8, 0)",A5 01 01 7F 04 31 22 33 45 F9,1
2053,2_BITS,"(5, 5);(8, 1)",A5 01 01 7F 04 31 22 33 46 F9,1
2054,2_BITS,"(5, 5);(8, 2)",A5 01 01 7F 04 31 22 33 40 F9,1
2055,2_BITS,"(5, 5);(8, 3)",A5 01 01 7F 04 31 22 33 4C F9,1
2056,2_BITS,"(5, 5);(8, 4)",A5 01 01 7F 04 31 22 33 54 F9,1
2057,2_BITS,"(5, 5);(8, 5)",A5 01 01 7F 04 31 22 33 64 F9,1
2058,2_BITS,"(5, 5);(8, 6)",A5 01 01 7F 04 31 22 33 04 F9,1
2059,2_BITS,"(5, 5);(8, 7)",A5 01 01 7F 04 31 22 33 C4 F9,1
2060,2_BITS,"(5, 5);(9, 0)",A5 01 01 7F 04 31 22 33 44 F8,1
2061,2_BITS,"(5, 5);(9, 1)",A5 01 01 7F 04 31 22 33 44 FB,1
2062,2_BITS,"(5, 5);(9, 2)",A5 01 01 7F 04 31 22 33 44 FD,1
2063,2_BITS,"(5, 5);(9, 3)",A5 01 01 7F 04 31 22 33 44 F1,1
2064,2_BITS,"(5, 5);(9, 4)",A5 01 01 7F 04 31 22 33 44 E9,1
2065,2_BITS,"(5, 5);(9, 5)",A5 01 01 7F 04 31 22 33 44 D9,1
2066,2_BITS,"(5, 5);(9, 6)",A5 01 01 7F 04 31 22 33 44 B9,1
2067,2_BITS,"(5, 5);(9, 7)",A5 01 01 7F 04 31 22 33 44 79,1
2068,2_BITS,"(5, 6);(5, 7)",A5 01 01 7F 04 D1 22 33 44 F9,1
2069,2_BITS,"(5, 6);(6, 0)",A5 01 01 7F 04 51 23 33 44 F9,1
2070,2_BITS,"(5, 6);(6, 1)",A5 01 01 7F 04 51 20 33 44 F9,1
2071,2_BITS,"(5, 6);(6, 2)",A5 01 01 7F 04 51 26 33 44 F9,1
2072,2_BITS,"(5, 6);(6, 3)",A5 01 01 7F 04 51 2A 33 44 F9,1
2073,2_BITS,"(5, 6);(6, 4)",A5 01 01 7F 04 51 32 33 44 F9,1
2074,2_BITS,"(5, 6);(6, 5)",A5 01 01 7F 04 51 02 33 44 F9,1
2075,2_BITS,"(5, 6);(6, 6)",A5 01 01 7F 04 51 62 33 44 F9,1
2076,2_BITS,"(5, 6);(6, 7)",A5 01 01 7F 04 51 A2 33 44 F9,1
2077,2_BITS,"(5, 6);(7, 0)",A5 01 01 7F 04 51 22 32 44 F9,1
2078,2_BITS,"(5, 6);(7, 1)",A5 01 01 7F 04 51 22 31 44 F9,1
2079,2_BITS,"(5, 6);(7, 2)",A5 01 01 7F 04 51 22 37 44 F9,1
2080,2_BITS,"(5, 6);(7, 3)",A5 01 01 7F 04 51 22 3B 44 F9,1
2081,2_BITS,"(5, 6);(7, 4)",A5 01 01 7F 04 51 22 23 44 F9,1
2082,2_BITS,"(5, 6);(7, 5)",A5 01 01 7F 04 51 22 13 44 F9,1
2083,2_BITS,"(5, 6);(7, 6)",A5 01 01 7F 04 51 22 73 44 F9,1
2084,2_BITS,"(5, 6);(7, 7)",A5 01 01 7F 04 51 22 B3 44 F9,1
2085,2_BITS,"(5, 6);(8, 0)",A5 01 01 7F 04 51 22 33 45 F9,1
2086,2_BITS,"(5, 6);(8, 1)",A5 01 01 7F 04 51 22 33 46 F9,1
2087,2_BITS,"(5, 6);(8, 2)",A5 01 01 7F 04 51 22 33 40 F9,1
2088,2_BITS,"(5, 6);(8, 3)",A5 01 01 7F 04 51 22 33 4C F9,1
2089,2_BITS,"(5, 6);(8, 4)",A5 01 01 7F 04 51 22 33 54 F9,1
2090,2_BITS,"(5, 6);(8, 5)",A5 01 01 7F 04 51 22 33 64 F9,1
2091,2_BITS,"(5, 6);(8, 6)",A5 01 01 7F 04 51 22 33 04 F9,1
2092,2_BITS,"(5, 6);(8, 7)",A5 01 01 7F 04 51 22 33 C4 F9,1
2093,2_BITS,"(5, 6);(9, 0)",A5 01 01 7F 04 51 22 33 44 F8,1
2094,2_BITS,"(5, 6);(9, 1)",A5 01 01 7F 04 51 22 33 44 FB,1
2095,2_BITS,"(5, 6);(9, 2)",A5 01 01 7F 04 51 22 33 44 FD,1
2096,2_BITS,"(5, 6);(9, 3)",A5 01 01 7F 04 51 22 33 44 F1,1
2097,2_BITS,"(5, 6);(9, 4)",A5 01 01 7F 04 51 22 33 44 E9,1
2098,2_BITS,"(5, 6);(9, 5)",A5 01 01 7F 04 51 22 33 44 D9,1
2099,2_BITS,"(5, 6);(9, 6)",A5 01 01 7F 04 51 22 33 44 B9,1
2100,2_BITS,"(5, 6);(9, 7)",A5 01 01 7F 04 51 22 33 44 79,1
2101,2_BITS,"(5, 7);(6, 0)",A5 01 01 7F 04 91 23 33 44 F9,1
2102,2_BITS,"(5, 7);(6, 1)",A5 01 01 7F 04 91 20 33 44 F9,1
2103,2_BITS,"(5, 7);(6, 2)",A5 01 01 7F 04 91 26 33 44 F9,1
2104,2_BITS,"(5, 7);(6, 3)",A5 01 01 7F 04 91 2A 33 44 F9,1
2105,2_BITS,"(5, 7);(6, 4)",A5 01 01 7F 04 91 32 33 44 F9,1
2106,2_BITS,"(5, 7);(6, 5)",A5 01 01 7F 04 91 02 33 44 F9,1
2107,2_BITS,"(5, 7);(6, 6)",A5 01 01 7F 04 91 62 33 44 F9,1
2108,2_BITS,"(5, 7);(6, 7)",A5 01 01 7F 04 91 A2 33 44 F9,1
2109,2_BITS,"(5, 7);(7, 0)",A5 01 01 7F 04 91 22 32 44 F9,1
2110,2_BITS,"(5, 7);(7, 1)",A5 01 01 7F 04 91 22 31 44 F9,1
2111,2_BITS,"(5, 7);(7, 2)",A5 01 01 7F 04 91 22 37 44 F9,1
2112,2_BITS,"(5, 7);(7, 3)",A5 01 01 7F 04 91 22 3B 44 F9,1
2113,2_BITS,"(5, 7);(7, 4)",A5 01 01 7F 04 91 22 23 44 F9,1
2114,2_BITS,"(5, 7);(7, 5)",A5 01 01 7F 04 91 22 13 44 F9,1
2115,2_BITS,"(5, 7);(7, 6)",A5 01 01 7F 04 91 22 73 44 F9,1
2116,2_BITS,"(5, 7);(7, 7)",A5 01 01 7F 04 91 22 B3 44 F9,1
2117,2_BITS,"(5, 7);(8, 0)",A5 01 01 7F 04 91 22 33 45 F9,1
2118,2_BITS,"(5, 7);(8, 1)",A5 01 01 7F 04 91 22 33 46 F9,1
2119,2_BITS,"(5, 7);(8, 2)",A5 01 01 7F 04 91 22 33 40 F9,1
2120,2_BITS,"(5, 7);(8, 3)",A5 01 01 7F 04 91 22 33 4C F9,1
2121,2_BITS,"(5, 7);(8, 4)",A5 01 01 7F 04 91 22 33 54 F9,1
2122,2_BITS,"(5, 7);(8, 5)",A5 01 01 7F 04 91 22 33 64 F9,1
2123,2_BITS,"(5, 7);(8, 6)",A5 01 01 7F 04 91 22 33 04 F9,1
2124,2_BITS,"(5, 7);(8, 7)",A5 01 01 7F 04 91 22 33 C4 F9,1
2125,2_BITS,"(5, 7);(9, 0)",A5 01 01 7F 04 91 22 33 44 F8,1
2126,2_BITS,"(5, 7);(9, 1)",A5 01 01 7F 04 91 22 33 44 FB,1
2127,2_BITS,"(5, 7);(9, 2)",A5 01 01 7F 04 91 22 33 44 FD,1
2128,2_BITS,"(5, 7);(9, 3)",A5 01 01 7F 04 91 22 33 44 F1,1
2129,2_BITS,"(5, 7);(9, 4)",A5 01 01 7F 04 91 22 33 44 E9,1
2130,2_BITS,"(5, 7);(9, 5)",A5 01 01 7F 04 91 22 33 44 D9,1
2131,2_BITS,"(5, 7);(9, 6)",A5 01 01 7F 04 91 22 33 44 B9,1
2132,2_BITS,"(5, 7);(9, 7)",A5 01 01 7F 04 91 22 33 44 79,1
2133,2_BITS,"(6, 0);(6, 1)",A5 01 01 7F 04 11 21 33 44 F9,1
2134,2_BITS,"(6, 0);(6, 2)",A5 01 01 7F 04 11 27 33 44 F9,1
2135,2_BITS,"(6, 0);(6, 3)",A5 01 01 7F 04 11 2B 33 44 F9,1
2136,2_BITS,"(6, 0);(6, 4)",A5 01 01 7F 04 11 33 33 44 F9,1
2137,2_BITS,"(6, 0);(6, 5)",A5 01 01 7F 04 11 03 33 44 F9,1
2138,2_BITS,"(6, 0);(6, 6)",A5 01 01 7F 04 11 63 33 44 F9,1
2139,2_BITS,"(6, 0);(6, 7)",A5 01 01 7F 04 11 A3 33 44 F9,1
2140,2_BITS,"(6, 0);(7, 0)",A5 01 01 7F 04 11 23 32 44 F9,1
2141,2_BITS,"(6, 0);(7, 1)",A5 01 01 7F 04 11 23 31 44 F9,1
2142,2_BITS,"(6, 0);(7, 2)",A5 01 01 7F 04 11 23 37 44 F9,1
2143,2_BITS,"(6, 0);(7, 3)",A5 01 01 7F 04 11 23 3B 44 F9,1
2144,2_BITS,"(6, 0);(7, 4)",A5 01 01 7F 04 11 23 23 44 F9,1
2145,2_BITS,"(6, 0);(7, 5)",A5 01 01 7F 04 11 23 13 44 F9,1
2146,2_BITS,"(6, 0);(7, 6)",A5 01 01 7F 04 11 23 73 44 F9,1
2147,2_BITS,"(6, 0);(7, 7)",A5 01 01 7F 04 11 23 B3 44 F9,1
2148,2_BITS,"(6, 0);(8, 0)",A5 01 01 7F 04 11 23 33 45 F9,1
2149,2_BITS,"(6, 0);(8, 1)",A5 01 01 7F 04 11 23 33 46 F9,1
2150,2_BITS,"(6, 0);(8, 2)",A5 01 01 7F 04 11 23 33 40 F9,1
2151,2_BITS,"(6, 0);(8, 3)",A5 01 01 7F 04 11 23 33 4C F9,1
2152,2_BITS,"(6, 0);(8, 4)",A5 01 01 7F 04 11 23 33 54 F9,1
2153,2_BITS,"(6, 0);(8, 5)",A5 01 01 7F 04 11 23 33 64 F9,1
2154,2_BITS,"(6, 0);(8, 6)",A5 01 01 7F 04 11 23 33 04 F9,1
2155,2_BITS,"(6, 0);(8, 7)",A5 01 01 7F 04 11 23 33 C4 F9,1
2156,2_BITS,"(6, 0);(9, 0)",A5 01 01 7F 04 11 23 33 44 F8,1
2157,2_BITS,"(6, 0);(9, 1)",A5 01 01 7F 04 11 23 33 44 FB,1
2158,2_BITS,"(6, 0);(9, 2)",A5 01 01 7F 04 11 23 33 44 FD,1
2159,2_BITS,"(6, 0);(9, 3)",A5 01 01 7F 04 11 23 33 44 F1,1
2160,2_BITS,"(6, 0);(9, 4)",A5 01 01 7F 04 11 23 33 44 E9,1
2161,2_BITS,"(6, 0);(9, 5)",A5 01 01 7F 04 11 23 33 44 D9,1
2162,2_BITS,"(6, 0);(9, 6)",A5 01 01 7F 04 11 23 33 44 B9,1
2163,2_BITS,"(6, 0);(9, 7)",A5 01 01 7F 04 11 23 33 44 79,1
2164,2_BITS,"(6, 1);(6, 2)",A5 01 01 7F 04 11 24 33 44 F9,1
2165,2_BITS,"(6, 1);(6, 3)",A5 01 01 7F 04 11 28 33 44 F9,1
2166,2_BITS,"(6, 1);(6, 4)",A5 01 01 7F 04 11 30 33 44 F9,1
2167,2_BITS,"(6, 1);(6, 5)",A5 01 01 7F 04 11 00 33 44 F9,1
2168,2_BITS,"(6, 1);(6, 6)",A5 01 01 7F 04 11 60 33 44 F9,1
2169,2_BITS,"(6, 1);(6, 7)",A5 01 01 7F 04 11 A0 33 44 F9,1
2170,2_BITS,"(6, 1);(7, 0)",A5 01 01 7F 04 11 20 32 44 F9,1
2171,2_BITS,"(6, 1);(7, 1)",A5 01 01 7F 04 11 20 31 44 F9,1
2172,2_BITS,"(6, 1);(7, 2)",A5 01 01 7F 04 11 20 37 44 F9,1
2173,2_BITS,"(6, 1);(7, 3)",A5 01 01 7F 04 11 20 3B 44 F9,1
2174,2_BITS,"(6, 1);(7, 4)",A5 01 01 7F 04 11 20 23 44 F9,1
2175,2_BITS,"(6, 1);(7, 5)",A5 01 01 7F 04 11 20 13 44 F9,1
2176,2_BITS,"(6, 1);(7, 6)",A5 01 01 7F 04 11 20 73 44 F9,1
2177,2_BITS,"(6, 1);(7, 7)",A5 01 01 7F 04 11 20 B3 44 F9,1
2178,2_BITS,"(6, 1);(8, 0)",A5 01 01 7F 04 11 20 33 45 F9,1
2179,2_BITS,"(6, 1);(8, 1)",A5 01 01 7F 04 11 20 33 46 F9,1
2180,2_BITS,"(6, 1);(8, 2)",A5 01 01 7F 04 11 20 33 40 F9,1
2181,2_BITS,"(6, 1);(8, 3)",A5 01 01 7F 04 11 20 33 4C F9,1
2182,2_BITS,"(6, 1);(8, 4)",A5 01 01 7F 04 11 20 33 54 F9,1
2183,2_BITS,"(6, 1);(8, 5)",A5 01 01 7F 04 11 20 33 64 F9,1
2184,2_BITS,"(6, 1);(8, 6)",A5 01 01 7F 04 11 20 33 04 F9,1
2185,2_BITS,"(6, 1);(8, 7)",A5 01 01 7F 04 11 20 33 C4 F9,1
2186,2_BITS,"(6, 1);(9, 0)",A5 01 01 7F 04 11 20 33 44 F8,1
2187,2_BITS,"(6, 1);(9, 1)",A5 01 01 7F 04 11 20 33 44 FB,1
2188,2_BITS,"(6, 1);(9, 2)",A5 01 01 7F 04 11 20 33 44 FD,1
2189,2_BITS,"(6, 1);(9, 3)",A5 01 01 7F 04 11 20 33 44 F1,1
2190,2_BITS,"(6, 1);(9, 4)",A5 01 01 7F 04 11 20 33 44 E9,1
2191,2_BITS,"(6, 1);(9, 5)",A5 01 01 7F 04 11 20 33 44 D9,1
2192,2_BITS,"(6, 1);(9, 6)",A5 01 01 7F 04 11 20 33 44 B9,1
2193,2_BITS,"(6, 1);(9, 7)",A5 01 01 7F 04 11 20 33 44 79,1
2194,2_BITS,"(6, 2);(6, 3)",A5 01 01 7F 04 11 2E 33 44 F9,1
2195,2_BITS,"(6, 2);(6, 4)",A5 01 01 7F 04 11 36 33 44 F9,1
2196,2_BITS,"(6, 2);(6, 5)",A5 01 01 7F 04 11 06 33 44 F9,1
2197,2_BITS,"(6, 2);(6, 6)",A5 01 01 7F 04 11 66 33 44 F9,1
2198,2_BITS,"(6, 2);(6, 7)",A5 01 01 7F 04 11 A6 33 44 F9,1
2199,2_BITS,"(6, 2);(7, 0)",A5 01 01 7F 04 11 26 32 44 F9,1
2200,2_BITS,"(6, 2);(7, 1)",A5 01 01 7F 04 11 26 31 44 F9,1
2201,2_BITS,"(6, 2);(7, 2)",A5 01 01 7F 04 11 26 37 44 F9,1
2202,2_BITS,"(6, 2);(7, 3)",A5 01 01 7F 04 11 26 3B 44 F9,1
2203,2_BITS,"(6, 2);(7, 4)",A5 01 01 7F 04 11 26 23 44 F9,1
2204,2_BITS,"(6, 2);(7, 5)",A5 01 01 7F 04 11 26 13 44 F9,1
2205,2_BITS,"(6, 2);(7, 6)",A5 01 01 7F 04 11 26 73 44 F9,1
2206,2_BITS,"(6, 2);(7, 7)",A5 01 01 7F 04 11 26 B3 44 F9,1
2207,2_BITS,"(6, 2);(8, 0)",A5 01 01 7F 04 11 26 33 45 F9,1
2208,2_BITS,"(6, 2);(8, 1)",A5 01 01 7F 04 11 26 33 46 F9,1
2209,2_BITS,"(6, 2);(8, 2)",A5 01 01 7F 04 11 26 33 40 F9,1
2210,2_BITS,"(6, 2);(8, 3)",A5 01 01 7F 04 11 26 33 4C F9,1
2211,2_BITS,"(6, 2);(8, 4)",A5 01 01 7F 04 11 26 33 54 F9,1
2212,2_BITS,"(6, 2);(8, 5)",A5 01 01 7F 04 11 26 33 64 F9,1
2213,2_BITS,"(6, 2);(8, 6)",A5 01 01 7F 04 11 26 33 04 F9,1
2214,2_BITS,"(6, 2);(8, 7)",A5 01 01 7F 04 11 26 33 C4 F9,1
2215,2_BITS,"(6, 2);(9, 0)",A5 01 01 7F 04 11 26 33 44 F8,1
2216,2_BITS,"(6, 2);(9, 1)",A5 01 01 7F 04 11 26 33 44 FB,1
2217,2_BITS,"(6, 2);(9, 2)",A5 01 01 7F 04 11 26 33 44 FD,1
2218,2_BITS,"(6, 2);(9, 3)",A5 01 01 7F 04 11 26 33 44 F1,1
2219,2_BITS,"(6, 2);(9, 4)",A5 01 01 7F 04 11 26 33 44 E9,1
2220,2_BITS,"(6, 2);(9, 5)",A5 01 01 7F 04 11 26 33 44 D9,1
2221,2_BITS,"(6, 2);(9, 6)",A5 01 01 7F 04 11 26 33 44 B9,1
2222,2_BITS,"(6, 2);(9, 7)",A5 01 01 7F 04 11 26 33 44 79,1
2223,2_BITS,"(6, 3);(6, 4)",A5 01 01 7F 04 11 3A 33 44 F9,1
2224,2_BITS,"(6, 3);(6, 5)",A5 01 01 7F 04 11 0A 33 44 F9,1
2225,2_BITS,"(6, 3);(6, 6)",A5 01 01 7F 04 11 6A 33 44 F9,1
2226,2_BITS,"(6, 3);(6, 7)",A5 01 01 7F 04 11 AA 33 44 F9,1
2227,2_BITS,"(6, 3);(7, 0)",A5 01 01 7F 04 11 2A 32 44 F9,1
2228,2_BITS,"(6, 3);(7, 1)",A5 01 01 7F 04 11 2A 31 44 F9,1
2229,2_BITS,"(6, 3);(7, 2)",A5 01 01 7F 04 11 2A 37 44 F9,1
2230,2_BITS,"(6, 3);(7, 3)",A5 01 01 7F 04 11 2A 3B 44 F9,1
2231,2_BITS,"(6, 3);(7, 4)",A5 01 01 7F 04 11 2A 23 44 F9,1
2232,2_BITS,"(6, 3);(7, 5)",A5 01 01 7F 04 11 2A 13 44 F9,1
2233,2_BITS,"(6, 3);(7, 6)",A5 01 01 7F 04 11 2A 73 44 F9,1
2234,2_BITS,"(6, 3);(7, 7)",A5 01 01 7F 04 11 2A B3 44 F9,1
2235,2_BITS,"(6, 3);(8, 0)",A5 01 01 7F 04 11 2A 33 45 F9,1
2236,2_BITS,"(6, 3);(8, 1)",A5 01 01 7F 04 11 2A 33 46 F9,1
2237,2_BITS,"(6, 3);(8, 2)",A5 01 01 7F 04 11 2A 33 40 F9,1
2238,2_BITS,"(6, 3);(8, 3)",A5 01 01 7F 04 11 2A 33 4C F9,1
2239,2_BITS,"(6, 3);(8, 4)",A5 01 01 7F 04 11 2A 33 54 F9,1
2240,2_BITS,"(6, 3);(8, 5)",A5 01 01 7F 04 11 2A 33 64 F9,1
2241,2_BITS,"(6, 3);(8, 6)",A5 01 01 7F 04 11 2A 33 04 F9,1
2242,2_BITS,"(6, 3);(8, 7)",A5 01 01 7F 04 11 2A 33 C4 F9,1
2243,2_BITS,"(6, 3);(9, 0)",A5 01 01 7F 04 11 2A 33 44 F8,1
2244,2_BITS,"(6, 3);(9, 1)",A5 01 01 7F 04 11 2A 33 44 FB,1
2245,2_BITS,"(6, 3);(9, 2)",A5 01 01 7F 04 11 2A 33 44 FD,1
2246,2_BITS,"(6, 3);(9, 3)",A5 01 01 7F 04 11 2A 33 44 F1,1
2247,2_BITS,"(6, 3);(9, 4)",A5 01 01 7F 04 11 2A 33 44 E9,1
2248,2_BITS,"(6, 3);(9, 5)",A5 01 01 7F 04 11 2A 33 44 D9,1
2249,2_BITS,"(6, 3);(9, 6)",A5 01 01 7F 04 11 2A 33 44 B9,1
2250,2_BITS,"(6, 3);(9, 7)",A5 01 01 7F 04 11 2A 33 44 79,1
2251,2_BITS,"(6, 4);(6, 5)",A5 01 01 7F 04 11 12 33 44 F9,1
2252,2_BITS,"(6, 4);(6, 6)",A5 01 01 7F 04 11 72 33 44 F9,1
2253,2_BITS,"(6, 4);(6, 7)",A5 01 01 7F 04 11 B2 33 44 F9,1
2254,2_BITS,"(6, 4);(7, 0)",A5 01 01 7F 04 11 32 32 44 F9,1
2255,2_BITS,"(6, 4);(7, 1)",A5 01 01 7F 04 11 32 31 44 F9,1
2256,2_BITS,"(6, 4);(7, 2)",A5 01 01 7F 04 11 32 37 44 F9,1
2257,2_BITS,"(6, 4);(7, 3)",A5 01 01 7F 04 11 32 3B 44 F9,1
2258,2_BITS,"(6, 4);(7, 4)",A5 01 01 7F 04 11 32 23 44 F9,1
2259,2_BITS,"(6, 4);(7, 5)",A5 01 01 7F 04 11 32 13 44 F9,1
2260,2_BITS,"(6, 4);(7, 6)",A5 01 01 7F 04 11 32 73 44 F9,1
2261,2_BITS,"(6, 4);(7, 7)",A5 01 01 7F 04 11 32 B3 44 F9,1
2262,2_BITS,"(6, 4);(8, 0)",A5 01 01 7F 04 11 32 33 45 F9,1
2263,2_BITS,"(6, 4);(8, 1)",A5 01 01 7F 04 11 32 33 46 F9,1
2264,2_BITS,"(6, 4);(8, 2)",A5 01 01 7F 04 11 32 33 40 F9,1
2265,2_BITS,"(6, 4);(8, 3)",A5 01 01 7F 04 11 32 33 4C F9,1
2266,2_BITS,"(6, 4);(8, 4)",A5 01 01 7F 04 11 32 33 54 F9,1
2267,2_BITS,"(6, 4);(8, 5)",A5 01 01 7F 04 11 32 33 64 F9,1
2268,2_BITS,"(6, 4);(8, 6)",A5 01 01 7F 04 11 32 33 04 F9,1
2269,2_BITS,"(6, 4);(8, 7)",A5 01 01 7F 04 11 32 33 C4 F9,1
2270,2_BITS,"(6, 4);(9, 0)",A5 01 01 7F 04 11 32 33 44 F8,1
2271,2_BITS,"(6, 4);(9, 1)",A5 01 01 7F 04 11 32 33 44 FB,1
2272,2_BITS,"(6, 4);(9, 2)",A5 01 01 7F 04 11 32 33 44 FD,1
2273,2_BITS,"(6, 4);(9, 3)",A5 01 01 7F 04 11 32 33 44 F1,1
2274,2_BITS,"(6, 4);(9, 4)",A5 01 01 7F 04 11 32 33 44 E9,1
2275,2_BITS,"(6, 4);(9, 5)",A5 01 01 7F 04 11 32 33 44 D9,1
2276,2_BITS,"(6, 4);(9, 6)",A5 01 01 7F 04 11 32 33 44 B9,1
2277,2_BITS,"(6, 4);(9, 7)",A5 01 01 7F 04 11 32 33 44 79,1
2278,2_BITS,"(6, 5);(6, 6)",A5 01 01 7F 04 11 42 33 44 F9,1
2279,2_BITS,"(6, 5);(6, 7)",A5 01 01 7F 04 11 82 33 44 F9,1
2280,2_BITS,"(6, 5);(7, 0)",A5 01 01 7F 04 11 02 32 44 F9,1
2281,2_BITS,"(6, 5);(7, 1)",A5 01 01 7F 04 11 02 31 44 F9,1
2282,2_BITS,"(6, 5);(7, 2)",A5 01 01 7F 04 11 02 37 44 F9,1
2283,2_BITS,"(6, 5);(7, 3)",A5 01 01 7F 04 11 02 3B 44 F9,1
2284,2_BITS,"(6, 5);(7, 4)",A5 01 01 7F 04 11 02 23 44 F9,1
2285,2_BITS,"(6, 5);(7, 5)",A5 01 01 7F 04 11 02 13 44 F9,1
2286,2_BITS,"(6, 5);(7, 6)",A5 01 01 7F 04 11 02 73 44 F9,1
2287,2_BITS,"(6, 5);(7, 7)",A5 01 01 7F 04 11 02 B3 44 F9,1
2288,2_BITS,"(6, 5);(8, 0)",A5 01 01 7F 04 11 02 33 45 F9,1
2289,2_BITS,"(6, 5);(8, 1)",A5 01 01 7F 04 11 02 33 46 F9,1
2290,2_BITS,"(6, 5);(8, 2)",A5 01 01 7F 04 11 02 33 40 F9,1
2291,2_BITS,"(6, 5);(8, 3)",A5 01 01 7F 04 11 02 33 4C F9,1
2292,2_BITS,"(6, 5);(8, 4)",A5 01 01 7F 04 11 02 33 54 F9,1
2293,2_BITS,"(6, 5);(8, 5)",A5 01 01 7F 04 11 02 33 64 F9,1
2294,2_BITS,"(6, 5);(8, 6)",A5 01 01 7F 04 11 02 33 04 F9,1
2295,2_BITS,"(6, 5);(8, 7)",A5 01 01 7F 04 11 02 33 C4 F9,1
2296,2_BITS,"(6, 5);(9, 0)",A5 01 01 7F 04 11 02 33 44 F8,1
2297,2_BITS,"(6, 5);(9, 1)",A5 01 01 7F 04 11 02 33 44 FB,1
2298,2_BITS,"(6, 5);(9, 2)",A5 01 01 7F 04 11 02 33 44 FD,1
2299,2_BITS,"(6, 5);(9, 3)",A5 01 01 7F 04 11 02 33 44 F1,1
2300,2_BITS,"(6, 5);(9, 4)",A5 01 01 7F 04 11 02 33 44 E9,1
2301,2_BITS,"(6, 5);(9, 5)",A5 01 01 7F 04 11 02 33 44 D9,1
2302,2_BITS,"(6, 5);(9, 6)",A5 01 01 7F 04 11 02 33 44 B9,1
2303,2_BITS,"(6, 5);(9, 7)",A5 01 01 7F 04 11 02 33 44 79,1
2304,2_BITS,"(6, 6);(6, 7)",A5 01 01 7F 04 11 E2 33 44 F9,1
2305,2_BITS,"(6, 6);(7, 0)",A5 01 01 7F 04 11 62 32 44 F9,1
2306,2_BITS,"(6, 6);(7, 1)",A5 01 01 7F 04 11 62 31 44 F9,1
2307,2_BITS,"(6, 6);(7, 2)",A5 01 01 7F 04 11 62 37 44 F9,1
2308,2_BITS,"(6, 6);(7, 3)",A5 01 01 7F 04 11 62 3B 44 F9,1
2309,2_BITS,"(6, 6);(7, 4)",A5 01 01 7F 04 11 62 23 44 F9,1
2310,2_BITS,"(6, 6);(7, 5)",A5 01 01 7F 04 11 62 13 44 F9,1
2311,2_BITS,"(6, 6);(7, 6)",A5 01 01 7F 04 11 62 73 44 F9,1
2312,2_BITS,"(6, 6);(7, 7)",A5 01 01 7F 04 11 62 B3 44 F9,1
2313,2_BITS,"(6, 6);(8, 0)",A5 01 01 7F 04 11 62 33 45 F9,1
2314,2_BITS,"(6, 6);(8, 1)",A5 01 01 7F 04 11 62 33 46 F9,1
2315,2_BITS,"(6, 6);(8, 2)",A5 01 01 7F 04 11 62 33 40 F9,1
2316,2_BITS,"(6, 6);(8, 3)",A5 01 01 7F 04 11 62 33 4C F9,1
2317,2_BITS,"(6, 6);(8, 4)",A5 01 01 7F 04 11 62 33 54 F9,1
2318,2_BITS,"(6, 6);(8, 5)",A5 01 01 7F 04 11 62 33 64 F9,1
2319,2_BITS,"(6, 6);(8, 6)",A5 01 01 7F 04 11 62 33 04 F9,1
2320,2_BITS,"(6, 6);(8, 7)",A5 01 01 7F 04 11 62 33 C4 F9,1
2321,2_BITS,"(6, 6);(9, 0)",A5 01 01 7F 04 11 62 33 44 F8,1
2322,2_BITS,"(6, 6);(9, 1)",A5 01 01 7F 04 11 62 33 44 FB,1
2323,2_BITS,"(6, 6);(9, 2)",A5 01 01 7F 04 11 62 33 44 FD,1
2324,2_BITS,"(6, 6);(9, 3)",A5 01 01 7F 04 11 62 33 44 F1,1
2325,2_BITS,"(6, 6);(9, 4)",A5 01 01 7F 04 11 62 33 44 E9,1
2326,2_BITS,"(6, 6);(9, 5)",A5 01 01 7F 04 11 62 33 44 D9,1
2327,2_BITS,"(6, 6);(9, 6)",A5 01 01 7F 04 11 62 33 44 B9,1
2328,2_BITS,"(6, 6);(9, 7)",A5 01 01 7F 04 11 62 33 44 79,1
2329,2_BITS,"(6, 7);(7, 0)",A5 01 01 7F 04 11 A2 32 44 F9,1
2330,2_BITS,"(6, 7);(7, 1)",A5 01 01 7F 04 11 A2 31 44 F9,1
2331,2_BITS,"(6, 7);(7, 2)",A5 01 01 7F 04 11 A2 37 44 F9,1
2332,2_BITS,"(6, 7);(7, 3)",A5 01 01 7F 04 11 A2 3B 44 F9,1
2333,2_BITS,"(6, 7);(7, 4)",A5 01 01 7F 04 11 A2 23 44 F9,1
2334,2_BITS,"(6, 7);(7, 5)",A5 01 01 7F 04 11 A2 13 44 F9,1
2335,2_BITS,"(6, 7);(7, 6)",A5 01 01 7F 04 11 A2 73 44 F9,1
2336,2_BITS,"(6, 7);(7, 7)",A5 01 01 7F 04 11 A2 B3 44 F9,1
2337,2_BITS,"(6, 7);(8, 0)",A5 01 01 7F 04 11 A2 33 45 F9,1
2338,2_BITS,"(6, 7);(8, 1)",A5 01 01 7F 04 11 A2 33 46 F9,1
2339,2_BITS,"(6, 7);(8, 2)",A5 01 01 7F 04 11 A2 33 40 F9,1
2340,2_BITS,"(6, 7);(8, 3)",A5 01 01 7F 04 11 A2 33 4C F9,1
2341,2_BITS,"(6, 7);(8, 4)",A5 01 01 7F 04 11 A2 33 54 F9,1
2342,2_BITS,"(6, 7);(8, 5)",A5 01 01 7F 04 11 A2 33 64 F9,1
2343,2_BITS,"(6, 7);(8, 6)",A5 01 01 7F 04 11 A2 33 04 F9,1
2344,2_BITS,"(6, 7);(8, 7)",A5 01 01 7F 04 11 A2 33 C4 F9,1
2345,2_BITS,"(6, 7);(9, 0)",A5 01 01 7F 04 11 A2 33 44 F8,1
2346,2_BITS,"(6, 7);(9, 1)",A5 01 01 7F 04 11 A2 33 44 FB,1
2347,2_BITS,"(6, 7);(9, 2)",A5 01 01 7F 04 11 A2 33 44 FD,1
2348,2_BITS,"(6, 7);(9, 3)",A5 01 01 7F 04 11 A2 33 44 F1,1
2349,2_BITS,"(6, 7);(9, 4)",A5 01 01 7F 04 11 A2 33 44 E9,1
2350,2_BITS,"(6, 7);(9, 5)",A5 01 01 7F 04 11 A2 33 44 D9,1
2351,2_BITS,"(6, 7);(9, 6)",A5 01 01 7F 04 11 A2 33 44 B9,1
2352,2_BITS,"(6, 7);(9, 7)",A5 01 01 7F 04 11 A2 33 44 79,1
2353,2_BITS,"(7, 0);(7, 1)",A5 01 01 7F 04 11 22 30 44 F9,1
2354,2_BITS,"(7, 0);(7, 2)",A5 01 01 7F 04 11 22 36 44 F9,1
2355,2_BITS,"(7, 0);(7, 3)",A5 01 01 7F 04 11 22 3A 44 F9,1
2356,2_BITS,"(7, 0);(7, 4)",A5 01 01 7F 04 11 22 22 44 F9,1
2357,2_BITS,"(7, 0);(7, 5)",A5 01 01 7F 04 11 22 12 44 F9,1
2358,2_BITS,"(7, 0);(7, 6)",A5 01 01 7F 04 11 22 72 44 F9,1
2359,2_BITS,"(7, 0);(7, 7)",A5 01 01 7F 04 11 22 B2 44 F9,1
2360,2_BITS,"(7, 0);(8, 0)",A5 01 01 7F 04 11 22 32 45 F9,1
2361,2_BITS,"(7, 0);(8, 1)",A5 01 01 7F 04 11 22 32 46 F9,1
2362,2_BITS,"(7, 0);(8, 2)",A5 01 01 7F 04 11 22 32 40 F9,1
2363,2_BITS,"(7, 0);(8, 3)",A5 01 01 7F 04 11 22 32 4C F9,1
2364,2_BITS,"(7, 0);(8, 4)",A5 01 01 7F 04 11 22 32 54 F9,1
2365,2_BITS,"(7, 0);(8, 5)",A5 01 01 7F 04 11 22 32 64 F9,1
2366,2_BITS,"(7, 0);(8, 6)",A5 01 01 7F 04 11 22 32 04 F9,1
2367,2_BITS,"(7, 0);(8, 7)",A5 01 01 7F 04 11 22 32 C4 F9,1
2368,2_BITS,"(7, 0);(9, 0)",A5 01 01 7F 04 11 22 32 44 F8,1
2369,2_BITS,"(7, 0);(9, 1)",A5 01 01 7F 04 11 22 32 44 FB,1
2370,2_BITS,"(7, 0);(9, 2)",A5 01 01 7F 04 11 22 32 44 FD,1
2371,2_BITS,"(7, 0);(9, 3)",A5 01 01 7F 04 11 22 32 44 F1,1
2372,2_BITS,"(7, 0);(9, 4)",A5 01 01 7F 04 11 22 32 44 E9,1
2373,2_BITS,"(7, 0);(9, 5)",A5 01 01 7F 04 11 22 32 44 D9,1
2374,2_BITS,"(7, 0);(9, 6)",A5 01 01 7F 04 11 22 32 44 B9,1
2375,2_BITS,"(7, 0);(9, 7)",A5 01 01 7F 04 11 22 32 44 79,1
2376,2_BITS,"(7, 1);(7, 2)",A5 01 01 7F 04 11 22 35 44 F9,1
2377,2_BITS,"(7, 1);(7, 3)",A5 01 01 7F 04 11 22 39 44 F9,1
2378,2_BITS,"(7, 1);(7, 4)",A5 01 01 7F 04 11 22 21 44 F9,1
2379,2_BITS,"(7, 1);(7, 5)",A5 01 01 7F 04 11 22 11 44 F9,1
2380,2_BITS,"(7, 1);(7, 6)",A5 01 01 7F 04 11 22 71 44 F9,1
2381,2_BITS,"(7, 1);(7, 7)",A5 01 01 7F 04 11 22 B1 44 F9,1
2382,2_BITS,"(7, 1);(8, 0)",A5 01 01 7F 04 11 22 31 45 F9,1
2383,2_BITS,"(7, 1);(8, 1)",A5 01 01 7F 04 11 22 31 46 F9,1
2384,2_BITS,"(7, 1);(8, 2)",A5 01 01 7F 04 11 22 31 40 F9,1
2385,2_BITS,"(7, 1);(8, 3)",A5 01 01 7F 04 11 22 31 4C F9,1
2386,2_BITS,"(7, 1);(8, 4)",A5 01 01 7F 04 11 22 31 54 F9,1
2387,2_BITS,"(7, 1);(8, 5)",A5 01 01 7F 04 11 22 31 64 F9,1
2388,2_BITS,"(7, 1);(8, 6)",A5 01 01 7F 04 11 22 31 04 F9,1
2389,2_BITS,"(7, 1);(8, 7)",A5 01 01 7F 04 11 22 31 C4 F9,1
2390,2_BITS,"(7, 1);(9, 0)",A5 01 01 7F 04 11 22 31 44 F8,1
2391,2_BITS,"(7, 1);(9, 1)",A5 01 01 7F 04 11 22 31 44 FB,1
2392,2_BITS,"(7, 1);(9, 2)",A5 01 01 7F 04 11 22 31 44 FD,1
2393,2_BITS,"(7, 1);(9, 3)",A5 01 01 7F 04 11 22 31 44 F1,1
2394,2_BITS,"(7, 1);(9, 4)",A5 01 01 7F 04 11 22 31 44 E9,1
2395,2_BITS,"(7, 1);(9, 5)",A5 01 01 7F 04 11 22 31 44 D9,1
2396,2_BITS,"(7, 1);(9, 6)",A5 01 01 7F 04 11 22 31 44 B9,1
2397,2_BITS,"(7, 1);(9, 7)",A5 01 01 7F 04 11 22 31 44 79,1
2398,2_BITS,"(7, 2);(7, 3)",A5 01 01 7F 04 11 22 3F 44 F9,1
2399,2_BITS,"(7, 2);(7, 4)",A5 01 01 7F 04 11 22 27 44 F9,1
2400,2_BITS,"(7, 2);(7, 5)",A5 01 01 7F 04 11 22 17 44 F9,1
2401,2_BITS,"(7, 2);(7, 6)",A5 01 01 7F 04 11 22 77 44 F9,1
2402,2_BITS,"(7, 2);(7, 7)",A5 01 01 7F 04 11 22 B7 44 F9,1
2403,2_BITS,"(7, 2);(8, 0)",A5 01 01 7F 04 11 22 37 45 F9,1
2404,2_BITS,"(7, 2);(8, 1)",A5 01 01 7F 04 11 22 37 46 F9,1
2405,2_BITS,"(7, 2);(8, 2)",A5 01 01 7F 04 11 22 37 40 F9,1
2406,2_BITS,"(7, 2);(8, 3)",A5 01 01 7F 04 11 22 37 4C F9,1
2407,2_BITS,"(7, 2);(8, 4)",A5 01 01 7F 04 11 22 37 54 F9,1
2408,2_BITS,"(7, 2);(8, 5)",A5 01 01 7F 04 11 22 37 64 F9,1
2409,2_BITS,"(7, 2);(8, 6)",A5 01 01 7F 04 11 22 37 04 F9,1
2410,2_BITS,"(7, 2);(8, 7)",A5 01 01 7F 04 11 22 37 C4 F9,1
2411,2_BITS,"(7, 2);(9, 0)",A5 01 01 7F 04 11 22 37 44 F8,1
2412,2_BITS,"(7, 2);(9, 1)",A5 01 01 7F 04 11 22 37 44 FB,1
2413,2_BITS,"(7, 2);(9, 2)",A5 01 01 7F 04 11 22 37 44 FD,1
2414,2_BITS,"(7, 2);(9, 3)",A5 01 01 7F 04 11 22 37 44 F1,1
2415,2_BITS,"(7, 2);(9, 4)",A5 01 01 7F 04 11 22 37 44 E9,1
2416,2_BITS,"(7, 2);(9, 5)",A5 01 01 7F 04 11 22 37 44 D9,1
2417,2_BITS,"(7, 2);(9, 6)",A5 01 01 7F 04 11 22 37 44 B9,1
2418,2_BITS,"(7, 2);(9, 7)",A5 01 01 7F 04 11 22 37 44 79,1
2419,2_BITS,"(7, 3);(7, 4)",A5 01 01 7F 04 11 22 2B 44 F9,1
2420,2_BITS,"(7, 3);(7, 5)",A5 01 01 7F 04 11 22 1B 44 F9,1
2421,2_BITS,"(7, 3);(7, 6)",A5 01 01 7F 04 11 22 7B 44 F9,1
2422,2_BITS,"(7, 3);(7, 7)",A5 01 01 7F 04 11 22 BB 44 F9,1
2423,2_BITS,"(7, 3);(8, 0)",A5 01 01 7F 04 11 22 3B 45 F9,1
2424,2_BITS,"(7, 3);(8, 1)",A5 01 01 7F 04 11 22 3B 46 F9,1
2425,2_BITS,"(7, 3);(8, 2)",A5 01 01 7F 04 11 22 3B 40 F9,1
2426,2_BITS,"(7, 3);(8, 3)",A5 01 01 7F 04 11 22 3B 4C F9,1
2427,2_BITS,"(7, 3);(8, 4)",A5 01 01 7F 04 11 22 3B 54 F9,1
2428,2_BITS,"(7, 3);(8, 5)",A5 01 01 7F 04 11 22 3B 64 F9,1
2429,2_BITS,"(7, 3);(8, 6)",A5 01 01 7F 04 11 22 3B 04 F9,1
2430,2_BITS,"(7, 3);(8, 7)",A5 01 01 7F 04 11 22 3B C4 F9,1
2431,2_BITS,"(7, 3);(9, 0)",A5 01 01 7F 04 11 22 3B 44 F8,1
2432,2_BITS,"(7, 3);(9, 1)",A5 01 01 7F 04 11 22 3B 44 FB,1
2433,2_BITS,"(7, 3);(9, 2)",A5 01 01 7F 04 11 22 3B 44 FD,1
2434,2_BITS,"(7, 3);(9, 3)",A5 01 01 7F 04 11 22 3B 44 F1,1
2435,2_BITS,"(7, 3);(9, 4)",A5 01 01 7F 04 11 22 3B 44 E9,1
2436,2_BITS,"(7, 3);(9, 5)",A5 01 01 7F 04 11 22 3B 44 D9,1
2437,2_BITS,"(7, 3);(9, 6)",A5 01 01 7F 04 11 22 3B 44 B9,1
2438,2_BITS,"(7, 3);(9, 7)",A5 01 01 7F 04 11 22 3B 44 79,1
2439,2_BITS,"(7, 4);(7, 5)",A5 01 01 7F 04 11 22 03 44 F9,1
2440,2_BITS,"(7, 4);(7, 6)",A5 01 01 7F 04 11 22 63 44 F9,1
2441,2_BITS,"(7, 4);(7, 7)",A5 01 01 7F 04 11 22 A3 44 F9,1
2442,2_BITS,"(7, 4);(8, 0)",A5 01 01 7F 04 11 22 23 45 F9,1
2443,2_BITS,"(7, 4);(8, 1)",A5 01 01 7F 04 11 22 23 46 F9,1
2444,2_BITS,"(7, 4);(8, 2)",A5 01 01 7F 04 11 22 23 40 F9,1
2445,2_BITS,"(7, 4);(8, 3)",A5 01 01 7F 04 11 22 23 4C F9,1
2446,2_BITS,"(7, 4);(8, 4)",A5 01 01 7F 04 11 22 23 54 F9,1
2447,2_BITS,"(7, 4);(8, 5)",A5 01 01 7F 04 11 22 23 64 F9,1
2448,2_BITS,"(7, 4);(8, 6)",A5 01 01 7F 04 11 22 23 04 F9,1
2449,2_BITS,"(7, 4);(8, 7)",A5 01 01 7F 04 11 22 23 C4 F9,1
2450,2_BITS,"(7, 4);(9, 0)",A5 01 01 7F 04 11 22 23 44 F8,1
2451,2_BITS,"(7, 4);(9, 1)",A5 01 01 7F 04 11 22 23 44 FB,1
2452,2_BITS,"(7, 4);(9, 2)",A5 01 01 7F 04 11 22 23 44 FD,1
2453,2_BITS,"(7, 4);(9, 3)",A5 01 01 7F 04 11 22 23 44 F1,1
2454,2_BITS,"(7, 4);(9, 4)",A5 01 01 7F 04 11 22 23 44 E9,1
2455,2_BITS,"(7, 4);(9, 5)",A5 01 01 7F 04 11 22 23 44 D9,1
2456,2_BITS,"(7, 4);(9, 6)",A5 01 01 7F 04 11 22 23 44 B9,1
2457,2_BITS,"(7, 4);(9, 7)",A5 01 01 7F 04 11 22 23 44 79,1
2458,2_BITS,"(7, 5);(7, 6)",A5 01 01 7F 04 11 22 53 44 F9,1
2459,2_BITS,"(7, 5);(7, 7)",A5 01 01 7F 04 11 22 93 44 F9,1
2460,2_BITS,"(7, 5);(8, 0)",A5 01 01 7F 04 11 22 13 45 F9,1
2461,2_BITS,"(7, 5);(8, 1)",A5 01 01 7F 04 11 22 13 46 F9,1
2462,2_BITS,"(7, 5);(8, 2)",A5 01 01 7F 04 11 22 13 40 F9,1
2463,2_BITS,"(7, 5);(8, 3)",A5 01 01 7F 04 11 22 13 4C F9,1
2464,2_BITS,"(7, 5);(8, 4)",A5 01 01 7F 04 11 22 13 54 F9,1
2465,2_BITS,"(7, 5);(8, 5)",A5 01 01 7F 04 11 22 13 64 F9,1
2466,2_BITS,"(7, 5);(8, 6)",A5 01 01 7F 04 11 22 13 04 F9,1
2467,2_BITS,"(7, 5);(8, 7)",A5 01 01 7F 04 11 22 13 C4 F9,1
2468,2_BITS,"(7, 5);(9, 0)",A5 01 01 7F 04 11 22 13 44 F8,1
2469,2_BITS,"(7, 5);(9, 1)",A5 01 01 7F 04 11 22 13 44 FB,1
2470,2_BITS,"(7, 5);(9, 2)",A5 01 01 7F 04 11 22 13 44 FD,1
2471,2_BITS,"(7, 5);(9, 3)",A5 01 01 7F 04 11 22 13 44 F1,1
2472,2_BITS,"(7, 5);(9, 4)",A5 01 01 7F 04 11 22 13 44 E9,1
2473,2_BITS,"(7, 5);(9, 5)",A5 01 01 7F 04 11 22 13 44 D9,1
2474,2_BITS,"(7, 5);(9, 6)",A5 01 01 7F 04 11 22 13 44 B9,1
2475,2_BITS,"(7, 5);(9, 7)",A5 01 01 7F 04 11 22 13 44 79,1
2476,2_BITS,"(7, 6);(7, 7)",A5 01 01 7F 04 11 22 F3 44 F9,1
2477,2_BITS,"(7, 6);(8, 0)",A5 01 01 7F 04 11 22 73 45 F9,1
2478,2_BITS,"(7, 6);(8, 1)",A5 01 01 7F 04 11 22 73 46 F9,1
2479,2_BITS,"(7, 6);(8, 2)",A5 01 01 7F 04 11 22 73 40 F9,1
2480,2_BITS,"(7, 6);(8, 3)",A5 01 01 7F 04 11 22 73 4C F9,1
2481,2_BITS,"(7, 6);(8, 4)",A5 01 01 7F 04 11 22 73 54 F9,1
2482,2_BITS,"(7, 6);(8, 5)",A5 01 01 7F 04 11 22 73 64 F9,1
2483,2_BITS,"(7, 6);(8, 6)",A5 01 01 7F 04 11 22 73 04 F9,1
2484,2_BITS,"(7, 6);(8, 7)",A5 01 01 7F 04 11 22 73 C4 F9,1
2485,2_BITS,"(7, 6);(9, 0)",A5 01 01 7F 04 11 22 73 44 F8,1
2486,2_BITS,"(7, 6);(9, 1)",A5 01 01 7F 04 11 22 73 44 FB,1
2487,2_BITS,"(7, 6);(9, 2)",A5 01 01 7F 04 11 22 73 44 FD,1
2488,2_BITS,"(7, 6);(9, 3)",A5 01 01 7F 04 11 22 73 44 F1,1
2489,2_BITS,"(7, 6);(9, 4)",A5 01 01 7F 04 11 22 73 44 E9,1
2490,2_BITS,"(7, 6);(9, 5)",A5 01 01 7F 04 11 22 73 44 D9,1
2491,2_BITS,"(7, 6);(9, 6)",A5 01 01 7F 04 11 22 73 44 B9,1
2492,2_BITS,"(7, 6);(9, 7)",A5 01 01 7F 04 11 22 73 44 79,1
2493,2_BITS,"(7, 7);(8, 0)",A5 01 01 7F 04 11 22 B3 45 F9,1
2494,2_BITS,"(7, 7);(8, 1)",A5 01 01 7F 04 11 22 B3 46 F9,1
2495,2_BITS,"(7, 7);(8, 2)",A5 01 01 7F 04 11 22 B3 40 F9,1
2496,2_BITS,"(7, 7);(8, 3)",A5 01 01 7F 04 11 22 B3 4C F9,1
2497,2_BITS,"(7, 7);(8, 4)",A5 01 01 7F 04 11 22 B3 54 F9,1
2498,2_BITS,"(7, 7);(8, 5)",A5 01 01 7F 04 11 22 B3 64 F9,1
2499,2_BITS,"(7, 7);(8, 6)",A5 01 01 7F 04 11 22 B3 04 F9,1
2500,2_BITS,"(7, 7);(8, 7)",A5 01 01 7F 04 11 22 B3 C4 F9,1
2501,2_BITS,"(7, 7);(9, 0)",A5 01 01 7F 04 11 22 B3 44 F8,1
2502,2_BITS,"(7, 7);(9, 1)",A5 01 01 7F 04 11 22 B3 44 FB,1
2503,2_BITS,"(7, 7);(9, 2)",A5 01 01 7F 04 11 22 B3 44 FD,1
2504,2_BITS,"(7, 7);(9, 3)",A5 01 01 7F 04 11 22 B3 44 F1,1
2505,2_BITS,"(7, 7);(9, 4)",A5 01 01 7F 04 11 22 B3 44 E9,1
2506,2_BITS,"(7, 7);(9, 5)",A5 01 01 7F 04 11 22 B3 44 D9,1
2507,2_BITS,"(7, 7);(9, 6)",A5 01 01 7F 04 11 22 B3 44 B9,1
2508,2_BITS,"(7, 7);(9, 7)",A5 01 01 7F 04 11 22 B3 44 79,1
2509,2_BITS,"(8, 0);(8, 1)",A5 01 01 7F 04 11 22 33 47 F9,1
2510,2_BITS,"(8, 0);(8, 2)",A5 01 01 7F 04 11 22 33 41 F9,1
2511,2_BITS,"(8, 0);(8, 3)",A5 01 01 7F 04 11 22 33 4D F9,1
2512,2_BITS,"(8, 0);(8, 4)",A5 01 01 7F 04 11 22 33 55 F9,1
2513,2_BITS,"(8, 0);(8, 5)",A5 01 01 7F 04 11 22 33 65 F9,1
2514,2_BITS,"(8, 0);(8, 6)",A5 01 01 7F 04 11 22 33 05 F9,1
2515,2_BITS,"(8, 0);(8, 7)",A5 01 01 7F 04 11 22 33 C5 F9,1
2516,2_BITS,"(8, 0);(9, 0)",A5 01 01 7F 04 11 22 33 45 F8,1
2517,2_BITS,"(8, 0);(9, 1)",A5 01 01 7F 04 11 22 33 45 FB,1
2518,2_BITS,"(8, 0);(9, 2)",A5 01 01 7F 04 11 22 33 45 FD,1
2519,2_BITS,"(8, 0);(9, 3)",A5 01 01 7F 04 11 22 33 45 F1,1
2520,2_BITS,"(8, 0);(9, 4)",A5 01 01 7F 04 11 22 33 45 E9,1
2521,2_BITS,"(8, 0);(9, 5)",A5 01 01 7F 04 11 22 33 45 D9,1
2522,2_BITS,"(8, 0);(9, 6)",A5 01 01 7F 04 11 22 33 45 B9,1
2523,2_BITS,"(8, 0);(9, 7)",A5 01 01 7F 04 11 22 33 45 79,1
2524,2_BITS,"(8, 1);(8, 2)",A5 01 01 7F 04 11 22 33 42 F9,1
2525,2_BITS,"(8, 1);(8, 3)",A5 01 01 7F 04 11 22 33 4E F9,1
2526,2_BITS,"(8, 1);(8, 4)",A5 01 01 7F 04 11 22 33 56 F9,1
2527,2_BITS,"(8, 1);(8, 5)",A5 01 01 7F 04 11 22 33 66 F9,1
2528,2_BITS,"(8, 1);(8, 6)",A5 01 01 7F 04 11 22 33 06 F9,1
2529,2_BITS,"(8, 1);(8, 7)",A5 01 01 7F 04 11 22 33 C6 F9,1
2530,2_BITS,"(8, 1);(9, 0)",A5 01 01 7F 04 11 22 33 46 F8,1
2531,2_BITS,"(8, 1);(9, 1)",A5 01 01 7F 04 11 22 33 46 FB,1
2532,2_BITS,"(8, 1);(9, 2)",A5 01 01 7F 04 11 22 33 46 FD,1
2533,2_BITS,"(8, 1);(9, 3)",A5 01 01 7F 04 11 22 33 46 F1,1
2534,2_BITS,"(8, 1);(9, 4)",A5 01 01 7F 04 11 22 33 46 E9,1
2535,2_BITS,"(8, 1);(9, 5)",A5 01 01 7F 04 11 22 33 46 D9,1
2536,2_BITS,"(8, 1);(9, 6)",A5 01 01 7F 04 11 22 33 46 B9,1
2537,2_BITS,"(8, 1);(9, 7)",A5 01 01 7F 04 11 22 33 46 79,1
2538,2_BITS,"(8, 2);(8, 3)",A5 01 01 7F 04 11 22 33 48 F9,1
2539,2_BITS,"(8, 2);(8, 4)",A5 01 01 7F 04 11 22 33 50 F9,1
2540,2_BITS,"(8, 2);(8, 5)",A5 01 01 7F 04 11 22 33 60 F9,1
2541,2_BITS,"(8, 2);(8, 6)",A5 01 01 7F 04 11 22 33 00 F9,1
2542,2_BITS,"(8, 2);(8, 7)",A5 01 01 7F 04 11 22 33 C0 F9,1
2543,2_BITS,"(8, 2);(9, 0)",A5 01 01 7F 04 11 22 33 40 F8,1
2544,2_BITS,"(8, 2);(9, 1)",A5 01 01 7F 04 11 22 33 40 FB,1
2545,2_BITS,"(8, 2);(9, 2)",A5 01 01 7F 04 11 22 33 40 FD,1
2546,2_BITS,"(8, 2);(9, 3)",A5 01 01 7F 04 11 22 33 40 F1,1
2547,2_BITS,"(8, 2);(9, 4)",A5 01 01 7F 04 11 22 33 40 E9,1
2548,2_BITS,"(8, 2);(9, 5)",A5 01 01 7F 04 11 22 33 40 D9,1
2549,2_BITS,"(8, 2);(9, 6)",A5 01 01 7F 04 11 22 33 40 B9,1
2550,2_BITS,"(8, 2);(9, 7)",A5 01 01 7F 04 11 22 33 40 79,1
2551,2_BITS,"(8, 3);(8, 4)",A5 01 01 7F 04 11 22 33 5C F9,1
2552,2_BITS,"(8, 3);(8, 5)",A5 01 01 7F 04 11 22 33 6C F9,1
2553,2_BITS,"(8, 3);(8, 6)",A5 01 01 7F 04 11 22 33 0C F9,1
2554,2_BITS,"(8, 3);(8, 7)",A5 01 01 7F 04 11 22 33 CC F9,1
2555,2_BITS,"(8, 3);(9, 0)",A5 01 01 7F 04 11 22 33 4C F8,1
2556,2_BITS,"(8, 3);(9, 1)",A5 01 01 7F 04 11 22 33 4C FB,1
2557,2_BITS,"(8, 3);(9, 2)",A5 01 01 7F 04 11 22 33 4C FD,1
2558,2_BITS,"(8, 3);(9, 3)",A5 01 01 7F 04 11 22 33 4C F1,1
2559,2_BITS,"(8, 3);(9, 4)",A5 01 01 7F 04 11 22 33 4C E9,1
2560,2_BITS,"(8, 3);(9, 5)",A5 01 01 7F 04 11 22 33 4C D9,1
2561,2_BITS,"(8, 3);(9, 6)",A5 01 01 7F 04 11 22 33 4C B9,1
2562,2_BITS,"(8, 3);(9, 7)",A5 01 01 7F 04 11 22 33 4C 79,1
2563,2_BITS,"(8, 4);(8, 5)",A5 01 01 7F 04 11 22 33 74 F9,1
2564,2_BITS,"(8, 4);(8, 6)",A5 01 01 7F 04 11 22 33 14 F9,1
2565,2_BITS,"(8, 4);(8, 7)",A5 01 01 7F 04 11 22 33 D4 F9,1
2566,2_BITS,"(8, 4);(9, 0)",A5 01 01 7F 04 11 22 33 54 F8,1
2567,2_BITS,"(8, 4);(9, 1)",A5 01 01 7F 04 11 22 33 54 FB,1
2568,2_BITS,"(8, 4);(9, 2)",A5 01 01 7F 04 11 22 33 54 FD,1
2569,2_BITS,"(8, 4);(9, 3)",A5 01 01 7F 04 11 22 33 54 F1,1
2570,2_BITS,"(8, 4);(9, 4)",A5 01 01 7F 04 11 22 33 54 E9,1
2571,2_BITS,"(8, 4);(9, 5)",A5 01 01 7F 04 11 22 33 54 D9,1
2572,2_BITS,"(8, 4);(9, 6)",A5 01 01 7F 04 11 22 33 54 B9,1
2573,2_BITS,"(8, 4);(9, 7)",A5 01 01 7F 04 11 22 33 54 79,1
2574,2_BITS,"(8, 5);(8, 6)",A5 01 01 7F 04 11 22 33 24 F9,1
2575,2_BITS,"(8, 5);(8, 7)",A5 01 01 7F 04 11 22 33 E4 F9,1
2576,2_BITS,"(8, 5);(9, 0)",A5 01 01 7F 04 11 22 33 64 F8,1
2577,2_BITS,"(8, 5);(9, 1)",A5 01 01 7F 04 11 22 33 64 FB,1
2578,2_BITS,"(8, 5);(9, 2)",A5 01 01 7F 04 11 22 33 64 FD,1
2579,2_BITS,"(8, 5);(9, 3)",A5 01 01 7F 04 11 22 33 64 F1,1
2580,2_BITS,"(8, 5);(9, 4)",A5 01 01 7F 04 11 22 33 64 E9,1
2581,2_BITS,"(8, 5);(9, 5)",A5 01 01 7F 04 11 22 33 64 D9,1
2582,2_BITS,"(8, 5);(9, 6)",A5 01 01 7F 04 11 22 33 64 B9,1
2583,2_BITS,"(8, 5);(9, 7)",A5 01 01 7F 04 11 22 33 64 79,1
2584,2_BITS,"(8, 6);(8, 7)",A5 01 01 7F 04 11 22 33 84 F9,1
2585,2_BITS,"(8, 6);(9, 0)",A5 01 01 7F 04 11 22 33 04 F8,1
2586,2_BITS,"(8, 6);(9, 1)",A5 01 01 7F 04 11 22 33 04 FB,1
2587,2_BITS,"(8, 6);(9, 2)",A5 01 01 7F 04 11 22 33 04 FD,1
2588,2_BITS,"(8, 6);(9, 3)",A5 01 01 7F 04 11 22 33 04 F1,1
2589,2_BITS,"(8, 6);(9, 4)",A5 01 01 7F 04 11 22 33 04 E9,1
2590,2_BITS,"(8, 6);(9, 5)",A5 01 01 7F 04 11 22 33 04 D9,1
2591,2_BITS,"(8, 6);(9, 6)",A5 01 01 7F 04 11 22 33 04 B9,1
2592,2_BITS,"(8, 6);(9, 7)",A5 01 01 7F 04 11 22 33 04 79,1
2593,2_BITS,"(8, 7);(9, 0)",A5 01 01 7F 04 11 22 33 C4 F8,1
2594,2_BITS,"(8, 7);(9, 1)",A5 01 01 7F 04 11 22 33 C4 FB,1
2595,2_BITS,"(8, 7);(9, 2)",A5 01 01 7F 04 11 22 33 C4 FD,1
2596,2_BITS,"(8, 7);(9, 3)",A5 01 01 7F 04 11 22 33 C4 F1,1
2597,2_BITS,"(8, 7);(9, 4)",A5 01 01 7F 04 11 22 33 C4 E9,1
2598,2_BITS,"(8, 7);(9, 5)",A5 01 01 7F 04 11 22 33 C4 D9,1
2599,2_BITS,"(8, 7);(9, 6)",A5 01 01 7F 04 11 22 33 C4 B9,1
2600,2_BITS,"(8, 7);(9, 7)",A5 01 01 7F 04 11 22 33 C4 79,1
2601,2_BITS,"(9, 0);(9, 1)",A5 01 01 7F 04 11 22 33 44 FA,1
2602,2_BITS,"(9, 0);(9, 2)",A5 01 01 7F 04 11 22 33 44 FC,1
2603,2_BITS,"(9, 0);(9, 3)",A5 01 01 7F 04 11 22 33 44 F0,1
2604,2_BITS,"(9, 0);(9, 4)",A5 01 01 7F 04 11 22 33 44 E8,1
2605,2_BITS,"(9, 0);(9, 5)",A5 01 01 7F 04 11 22 33 44 D8,1
2606,2_BITS,"(9, 0);(9, 6)",A5 01 01 7F 04 11 22 33 44 B8,1
2607,2_BITS,"(9, 0);(9, 7)",A5 01 01 7F 04 11 22 33 44 78,1
2608,2_BITS,"(9, 1);(9, 2)",A5 01 01 7F 04 11 22 33 44 FF,1
2609,2_BITS,"(9, 1);(9, 3)",A5 01 01 7F 04 11 22 33 44 F3,1
2610,2_BITS,"(9, 1);(9, 4)",A5 01 01 7F 04 11 22 33 44 EB,1
2611,2_BITS,"(9, 1);(9, 5)",A5 01 01 7F 04 11 22 33 44 DB,1
2612,2_BITS,"(9, 1);(9, 6)",A5 01 01 7F 04 11 22 33 44 BB,1
2613,2_BITS,"(9, 1);(9, 7)",A5 01 01 7F 04 11 22 33 44 7B,1
2614,2_BITS,"(9, 2);(9, 3)",A5 01 01 7F 04 11 22 33 44 F5,1
2615,2_BITS,"(9, 2);(9, 4)",A5 01 01 7F 04 11 22 33 44 ED,1
2616,2_BITS,"(9, 2);(9, 5)",A5 01 01 7F 04 11 22 33 44 DD,1
2617,2_BITS,"(9, 2);(9, 6)",A5 01 01 7F 04 11 22 33 44 BD,1
2618,2_BITS,"(9, 2);(9, 7)",A5 01 01 7F 04 11 22 33 44 7D,1
2619,2_BITS,"(9, 3);(9, 4)",A5 01 01 7F 04 11 22 33 44 E1,1
2620,2_BITS,"(9, 3);(9, 5)",A5 01 01 7F 04 11 22 33 44 D1,1
2621,2_BITS,"(9, 3);(9, 6)",A5 01 01 7F 04 11 22 33 44 B1,1
2622,2_BITS,"(9, 3);(9, 7)",A5 01 01 7F 04 11 22 33 44 71,1
2623,2_BITS,"(9, 4);(9, 5)",A5 01 01 7F 04 11 22 33 44 C9,1
2624,2_BITS,"(9, 4);(9, 6)",A5 01 01 7F 04 11 22 33 44 A9,1
2625,2_BITS,"(9, 4);(9, 7)",A5 01 01 7F 04 11 22 33 44 69,1
2626,2_BITS,"(9, 5);(9, 6)",A5 01 01 7F 04 11 22 33 44 99,1
2627,2_BITS,"(9, 5);(9, 7)",A5 01 01 7F 04 11 22 33 44 59,1
2628,2_BITS,"(9, 6);(9, 7)",A5 01 01 7F 04 11 22 33 44 39,1
2629,VALIDO_FINAL,PING seq=2,A5 01 02 7F 04 11 22 33 44 9F,0
